,batchPlaceInfo,chartrInfo,clCodeDc,clNm,cntntsNo,cntntsSj,distbNm,dlthtsInfo,flwrInfo,frtlzrInfo,grwhTpInfo,grwtInfo,grwtseVeNm,hgtmMhmrInfo,lfclChngeInfo,lightImgUrl1,lightImgUrl2,lightImgUrl3,lighttInfo,mainImgUrl1,mainImgUrl2,manageDemandNm,manageLevelNm,orgplce,prpgtInfo,pswntrTpInfo,rdxStleNm,scnm,stleSeNm,tipInfo,waterCycleInfo
0,발코니 내측까지 이용 가능함<br />- 창측의 형태 그대로 유지,,,페페로미아(Peperomia)속 (후추과),204870,페페로미아 그라베올렌스,,,,,,봄~가을 성장 (겨울에 휴면),느림,,"잎의 앞면은 초록, 잎의 뒷면은 붉은색을 띰",http://www.nongsaro.go.kr/cms_contents/1122/204870_MF_RIMG_01.jpg,http://www.nongsaro.go.kr/cms_contents/1122/204870_MF_RIMG_02.jpg,http://www.nongsaro.go.kr/cms_contents/1122/204870_MF_RIMG_03.jpg,충분한 광 필요,http://www.nongsaro.go.kr/cms_contents/1122/204870_MF_BIMG_01.jpg,,필요함,어려움,페루,줄기꽂이,10°C,가는 뿌리,"<i>Peperomia graveolens</i>, 후추과",불규칙형,직사광선 및 다습한 환경을 피함,분 흙이 마르면 흠뻑 관수 한겨울에는 단수
1,발코니 내측까지 이용 가능함<br />- 형태와 색상 모두 유지하고 싱싱한 녹색 빛을 띰,높이 15cm<br />잎은 넓고 다양한 무늬가 있음,,산세베리아(Sansevieria)속 (용설란과),204869,산세베리아 ‘하니’,,병충해에는 별로 걸리지 않으나 잎을 깨끗이 닦아주도록 함,한 여름 무렵에 흰색 꽃이 핌,,18~27°C,봄~가을 성장 (겨울에 휴면),빠름,,,http://www.nongsaro.go.kr/cms_contents/1122/204869_MF_RIMG_01.jpg,http://www.nongsaro.go.kr/cms_contents/1122/204869_MF_RIMG_02.jpg,http://www.nongsaro.go.kr/cms_contents/1122/204869_MF_RIMG_03.jpg,고온에 강하므로 연중 광선이 잘 쬐는 반그늘<br />아래에서 잘 자라고 여름철에는 직사광선을<br />약간 피함,http://www.nongsaro.go.kr/cms_contents/1122/204869_MF_BIMG_01.jpg,http://www.nongsaro.go.kr/cms_contents/1122/204869_MF_BIMG_02.jpg,약간 돌봄,쉬움,아프리카 콩고,"포기나누기, 잎꽂이",2~3°C,굵은 뿌리,"<i>Sansevieria trifasciata</i> 'Hahnii' , 용설란과",로제트형,"10월 상, 중순부터 물을 점차 줄이고 비료도<br />주지 않음<br />고온에서 잘 자라고 저온에는 매우 약하므로<br />겨울에 냉해를 입지 않도록 잘 보온하여<br />적정온도 20-25℃를 유지함",분 흙이 충분히 마른 뒤 며칠 후 충분히 관수
2,발코니 내측까지 이용 가능함<br />- 창측과 형태와 색상 모두 유지함,원예선발품종으로 식물체의 지름이 4cm 정도이며<br />잎의 단면은 삼각형 모양을 이루고 있으며 잎이<br />빽빽하게 겹쳐있음<br />전체적으로 진녹색이고 매끈하며 잎의 가장자리는<br />흰색의 줄무늬가 둘러져 있음,,파우카리아(Faucaria)속 (석류풀과),204868,미파,경파,,초가을부터 민들레처럼 생긴 노란색 꽃이 핌<br />낮에만 핌,,,"가을~봄 성장 (겨울생장형, 여름에 휴면)",보통,한여름 무더위나 습기에 약함과습에 민감하여 줄기가 쉽게 물러짐,녹색,http://www.nongsaro.go.kr/cms_contents/1122/204868_MF_RIMG_01.jpg,http://www.nongsaro.go.kr/cms_contents/1122/204868_MF_RIMG_02.jpg,http://www.nongsaro.go.kr/cms_contents/1122/204868_MF_RIMG_03.jpg,"반그늘~부분적인 강광, 실내 밝은 곳에서 키움<br />한 여름에는 반그늘에서 키움",http://www.nongsaro.go.kr/cms_contents/1122/204868_MF_BIMG_01.jpg,http://www.nongsaro.go.kr/cms_contents/1122/204868_MF_BIMG_02.jpg,필요함,어려움,남아프리카,잎꽂이,0°C,가는 뿌리,"<i>Faucaria tigrina</i> 'Kikunami' , 석류풀과",로제트형,,한 달에 한 번 정도 과습하지 않게 관리<br />여름철에는 물을 거의 주지 않음
3,발코니 내측까지 이용 가능함<br />- 창측과 형태와 색상 모두 유지함,"키가 90cm인 관목형으로 잎은 가위모양이며,<br />포복성이 있어 길어지면 옆으로 누움<br />어린가지는 붉은색을 띠며 묵은 가지는 목질화됨",,에키누스(Echinus)속 (석류풀과),204867,벽어연,,,여름에 줄기 끝에서 노란색으로 한 송이씩 두상화로 달림<br />꽃잎의 수가 많으며 지름은 2cm정도임<br />연보라색 꽃이 우산모양으로 피고 가운데 수술은<br />노란색이며 봉우리는 분홍색임,,,가을~봄 성장 (겨울생장형),보통,여름철 고온에 약함,온도 차가 심해지면 잎 끝부분이 붉게 물듦,http://www.nongsaro.go.kr/cms_contents/1122/204867_MF_RIMG_01.jpg,http://www.nongsaro.go.kr/cms_contents/1122/204867_MF_RIMG_02.jpg,http://www.nongsaro.go.kr/cms_contents/1122/204867_MF_RIMG_03.jpg,반그늘이나 부분적인 강광,http://www.nongsaro.go.kr/cms_contents/1122/204867_MF_BIMG_01.jpg,http://www.nongsaro.go.kr/cms_contents/1122/204867_MF_BIMG_02.jpg,약간 돌봄,보통,남아프리카 남부,"자구꽂이, 포기나누기",0°C,가는 뿌리,"<i>Echinus maximilianus</i>, 석류풀과",불규칙형,,잎에 주름이 생기면 관수<br />휴면기인 여름철에는 단수하고 서늘한 곳에 둠
4,발코니 내측까지 이용 가능함<br />- 약간 부피감이 커지고 붉은색이 연해짐,,,시노크라술라(Sinocrassula)속 (돌나물과),204866,입전봉,,,,,,봄~가을 성장,빠름,,잎 뒷면이 붉은색으로 변함,http://www.nongsaro.go.kr/cms_contents/1122/204866_MF_RIMG_01.jpg,http://www.nongsaro.go.kr/cms_contents/1122/204866_MF_RIMG_02.jpg,http://www.nongsaro.go.kr/cms_contents/1122/204866_MF_RIMG_03.jpg,충분한 광 필요,http://www.nongsaro.go.kr/cms_contents/1122/204866_MF_BIMG_01.jpg,http://www.nongsaro.go.kr/cms_contents/1122/204866_MF_BIMG_02.jpg,필요함,매우 어려움,,"잎꽂이, 줄기꽂이",5°C,가는 뿌리,"<i>Sinocrassula densirosulata</i>, 돌나물과",군생형,,여름철에는 물을 적게 줌
5,발코니 내측까지 이용 가능함<br />- 약간 부피감이 커지는듯 하지만 형태와 색이<br />거의 변함 없음,검은빛의 바위솔로 잎이 작음<br />광량에 따라 몸빛이 더욱 곱게 물듦<br />갸름하고 통통한 잎에 살짝 펠트 조직이 있어<br />부드러운 느낌임<br />군생하며 자람,,시노크라술라(Sinocrassula)속 (돌나물과),204865,사마로,,,철화는 꽃을 피우지 않음,,,"봄~가을 성장 (여름생장형, 겨울에 휴면)",느림,,검은색 빛,http://www.nongsaro.go.kr/cms_contents/1122/204865_MF_RIMG_01.jpg,http://www.nongsaro.go.kr/cms_contents/1122/204865_MF_RIMG_02.jpg,http://www.nongsaro.go.kr/cms_contents/1122/204865_MF_RIMG_03.jpg,충분한 광 필요,http://www.nongsaro.go.kr/cms_contents/1122/204865_MF_BIMG_01.jpg,http://www.nongsaro.go.kr/cms_contents/1122/204865_MF_BIMG_02.jpg,필요함,매우 어려움,중국,"잎꽂이, 줄기꽂이",3°C,가는 뿌리,"<i>Sinocrassula yunnanensis</i>, 돌나물과",군생형,,여름철에는 물을 적게 줌
6,,소형종으로 빽빽하게 모여나며 군락을 이룸<br />성장하면서 잎 사이에서 새로운 자구가 나옴<br />강광에서 녹기 쉽고 습기에도 약해 반그늘에서 키워야함,,모난데스(Monanthes)속 (돌나물과),204864,모난데스 폴리필라,,,봄에 우주선과 같이 생긴 독특한 꽃이 핌,,,가을~봄 성장 (겨울생장형),보통,,빛을 충분히 받으면 잎 가장자리가 적갈색으로 물듦,http://www.nongsaro.go.kr/cms_contents/1122/204864_MF_RIMG_01.jpg,http://www.nongsaro.go.kr/cms_contents/1122/204864_MF_RIMG_02.jpg,http://www.nongsaro.go.kr/cms_contents/1122/204864_MF_RIMG_03.jpg,여름에는 강광보다는 반그늘 통풍이 잘되는 곳에서<br />건조하게 키움,http://www.nongsaro.go.kr/cms_contents/1122/204864_MF_BIMG_01.jpg,http://www.nongsaro.go.kr/cms_contents/1122/204864_MF_BIMG_02.jpg,약간 돌봄,쉬움,카나리아제도,자구꽂이,0°C,가는 뿌리,"<i>Monanthes polyphylla</i>, 돌나물과",군생형,,한 달에 두 번 정도 흠뻑 전면관수<br />다른 다육들 보다 물을 좀 더 자주 줘야 함
7,발코니 내측까지 이용 가능함<br />- 창측보다 싱싱한 녹색으로 탱글탱글해짐,잎이 옅은 녹색이며 잎면에 하얀색 줄 무늬가 있고<br />상단에 삼각 형태의 창이 있음<br />기부에서 군생함,"알로에, 가스테리아 속과 함께 나리과 다육식물의 3대속 중의 하나이다. 대부분의 종이 남아프리카 원산지이고 아프리카 남부에 150종 이상이 자생하고 있다. 잎은 로제트형으로 두껍고 잎의 형태는 다양하다. 지름 2~20cm, 초장 2~25cm 등으로 소형종이 많다. 대표종으로는 십이지권(十二之卷; Haworthia fasciata) 등이 있다.",하워디아(Haworthia)속 (나리과),204863,야로수,,,가을에서 이른 겨울 사이에 흰 꽃이 핌,,18~22°C,"봄, 가을 성장 (일 년 내내 성장)",보통,,,http://www.nongsaro.go.kr/cms_contents/1122/204863_MF_RIMG_01.jpg,http://www.nongsaro.go.kr/cms_contents/1122/204863_MF_RIMG_02.jpg,http://www.nongsaro.go.kr/cms_contents/1122/204863_MF_RIMG_03.jpg,"강한 직사광선은 피하고 양지바르고 통풍이 잘되는<br />반그늘에서 키움<br />직사광선을 받으면 잎이 갈변하며 상하고,<br />음지에서는 웃자라게 됨",http://www.nongsaro.go.kr/cms_contents/1122/204863_MF_BIMG_01.jpg,http://www.nongsaro.go.kr/cms_contents/1122/204863_MF_BIMG_02.jpg,약간 돌봄,보통,남아프리카,"파종, 포기나누기, 자구꽂이",10~15°C,굵은 뿌리,"<i>Haworthia turgida</i> var. <i>longibracteata</i>, 나리과",로제트형,잎장이 따닥따닥 붙어 있어 통풍에 신경쓰지<br />않으면 곰팡이균이 서식하기 쉬움,분 흙이 충분히 말랐을 때 관수함<br />과습하지 않게 건조한 듯 관리
8,발코니 내측까지 이용 가능함<br />- 잎이 진한 녹색으로 탱글탱글해짐,줄기가 없는 잎은 로제트를 이루며 군생하고<br />3~5cm정도 크기의 두터운 잎은 15~20개<br />정도가 넓게 직립<br />하며 성장하며 진한 청색을 띠고 흰색의 선이 있음,"알로에, 가스테리아 속과 함께 나리과 다육식물의 3대속 중의 하나이다. 대부분의 종이 남아프리카 원산지이고 아프리카 남부에 150종 이상이 자생하고 있다. 잎은 로제트형으로 두껍고 잎의 형태는 다양하다. 지름 2~20cm, 초장 2~25cm 등으로 소형종이 많다. 대표종으로는 십이지권(十二之卷; Haworthia fasciata) 등이 있다.",하워디아(Haworthia)속 (나리과),204862,수,보전,,늦은 봄에서 여름 흰색 꽃이 핌,,,"봄, 가을 성장 (일 년 내내 성장)",보통,,청록색 잎의 끝부분이 투명함,http://www.nongsaro.go.kr/cms_contents/1122/204862_MF_RIMG_01.jpg,http://www.nongsaro.go.kr/cms_contents/1122/204862_MF_RIMG_02.jpg,http://www.nongsaro.go.kr/cms_contents/1122/204862_MF_RIMG_03.jpg,강한 직사광선은 피하고 양지바르고 통풍이 잘되는<br />반그늘에서 키움<br />직사광선을 받으면 잎이 상함,http://www.nongsaro.go.kr/cms_contents/1122/204862_MF_BIMG_01.jpg,http://www.nongsaro.go.kr/cms_contents/1122/204862_MF_BIMG_02.jpg,약간 돌봄,보통,남아프리카,"파종, 포기나누기, 자구꽂이",10~15°C,굵은 뿌리,"<i>Haworthia bayeri</i>, 나리과",로제트형,잎장이 따닥따닥 붙어 있어 통풍에 신경쓰지<br />않으면 곰팡이균이 서식하기 쉬움,분 흙이 충분히 말랐을 때 관수함<br />과습하지 않게 건조한 듯 관리
9,발코니 내측까지 이용 가능함<br />- 창측에 비해 형태 유지가 좋으며 싱그러운 녹색을<br />띠어 건강해 보임,"줄기가 없으며, 지름 8~10cm의 로제트를 이룸<br />잎은 길이 4~4.5cm, 폭 1.5cm 정도로 긴 삼각형이며<br />선단은 뾰족함<br />잎 뒷면의 결절은 백색이며 가로줄무늬를 이룸<br />Haworthia속 중에서 가장 널리 일반에 보급된 종","알로에, 가스테리아 속과 함께 나리과 다육식물의 3대속 중의 하나이다. 대부분의 종이 남아프리카 원산지이고 아프리카 남부에 150종 이상이 자생하고 있다. 잎은 로제트형으로 두껍고 잎의 형태는 다양하다. 지름 2~20cm, 초장 2~25cm 등으로 소형종이 많다. 대표종으로는 십이지권(十二之卷; Haworthia fasciata) 등이 있다.",하워디아(Haworthia)속 (나리과),204861,십이지권,,,여름에 흰색의 작은 통꽃이 핌,비료는 주지 않음,,"봄, 가을 성장 (일 년 내내 성장)",보통,,빛을 충분히 받으면 여러색으로 물듦,http://www.nongsaro.go.kr/cms_contents/1122/204861_MF_RIMG_01.jpg,http://www.nongsaro.go.kr/cms_contents/1122/204861_MF_RIMG_02.jpg,http://www.nongsaro.go.kr/cms_contents/1122/204861_MF_RIMG_03.jpg,밝은 빛을 좋아하지만 반양지성으로 5~9월의<br />따가운 직사광선은 차광하고 실내에서 기를 경우는<br />창가나 밝은 곳에서 기름,http://www.nongsaro.go.kr/cms_contents/1122/204861_MF_BIMG_01.jpg,http://www.nongsaro.go.kr/cms_contents/1122/204861_MF_BIMG_02.jpg,약간 돌봄,보통,남아프리카,포기나누기,10~15°C,굵은 뿌리,"<i>Haworthia reinwardtii</i> 'Brevucula' , 나리과",로제트형,,여름에는 분 흙이 마른 2~3일후에 충분히 관수<br />겨울 휴면기에는 단수함
10,발코니 내측까지 이용 가능함<br />- 창측에 비해 싱그러운 녹색을 띠며 생육하여<br />건강해 보임,"소형종으로 식물체의 지름이 10cm이며,<br />널리 알려짐<br />노란 꽃이 핌<br />더위에 약함<br />자주가 많이 생김","나리과 다육식물의 대표적인 속으로, 우리나라에서 식용 및 약용으로 널리 쓰이는 다육식물이다. 남(서)아프리카가 최대의 원산지로 아프리카, 마다가스카르에 약 300종이 자생하고 있다. 자생지의 강우량과 주·야간 온도 차는 지역마다 차이가크지만 대체로 건조한 열대, 아열대, 온대지방이며 우리나라와 같이 극단적인 추위는 없는 지역이다.",알로에(Aloe)속 (나리과),204860,알로에,,,,,,봄~가을 성장 (여름생장형),빠름,고온다습 조건에서 무름병이 발생할 수 있음,,http://www.nongsaro.go.kr/cms_contents/1122/204860_MF_RIMG_01.jpg,http://www.nongsaro.go.kr/cms_contents/1122/204860_MF_RIMG_02.jpg,http://www.nongsaro.go.kr/cms_contents/1122/204860_MF_RIMG_03.jpg,강한 직사광선에서 잘 자라지만 반그늘에서<br />관리하면 더 튼튼한 다육질이 됨,http://www.nongsaro.go.kr/cms_contents/1122/204860_MF_BIMG_01.jpg,http://www.nongsaro.go.kr/cms_contents/1122/204860_MF_BIMG_02.jpg,약간 돌봄,쉬움,,"파종, 포기나누기",5°C,굵은 뿌리,"<i>Aloe</i> ssp., 나리과",불규칙형,,"여름철에는 분 흙이 완전히 건조되었을 때<br />관수하고, 겨울에는 거의 주지 않음"
11,발코니 내측까지 이용 가능함<br />- 창측에 비해 싱그러운 녹색을 띠며 생육하여<br />건강해 보임,"소형종으로 식물체의 지름이 10cm임<br />잎 가장자리에 가시가 있으며, 기부에서 분지함","나리과 다육식물의 대표적인 속으로, 우리나라에서 식용 및 약용으로 널리 쓰이는 다육식물이다. 남(서)아프리카가 최대의 원산지로 아프리카, 마다가스카르에 약 300종이 자생하고 있다. 자생지의 강우량과 주·야간 온도 차는 지역마다 차이가크지만 대체로 건조한 열대, 아열대, 온대지방이며 우리나라와 같이 극단적인 추위는 없는 지역이다.",알로에(Aloe)속 (나리과),204859,불야성,,,여름철에 주황~적색 꽃이 핌,,,봄~가을 성장 (여름생장형),빠름,고온다습 조건에서 무름병이 발생할 수 있음,초록색의 잎 둘레에 옅은 황색 가시가 있음,http://www.nongsaro.go.kr/cms_contents/1122/204859_MF_RIMG_01.jpg,http://www.nongsaro.go.kr/cms_contents/1122/204859_MF_RIMG_02.jpg,http://www.nongsaro.go.kr/cms_contents/1122/204859_MF_RIMG_03.jpg,강한 직사광선에서 잘 자라지만 반그늘에서<br />관리하면 더 튼튼한 다육질이 됨,http://www.nongsaro.go.kr/cms_contents/1122/204859_MF_BIMG_01.jpg,http://www.nongsaro.go.kr/cms_contents/1122/204859_MF_BIMG_02.jpg,약간 돌봄,쉬움,남아프리카,"파종, 포기나누기",5°C,굵은 뿌리,"<i>Aloe mitriformis</i>, 나리과",불규칙형,,"여름철에는 분 흙이 완전히 건조되었을 때<br />관수하고, 겨울에는 거의 물을 주지 않음"
12,발코니 내측까지 이용 가능함<br />- 창측의 형태와 반점은 변함 없고 색깔이 녹색으로 변함,잎 길이가 7cm 정도이며 얇고 호생함<br />기부에서 분지하여 군생<br />잎에 반점이 많은 것은 조금 약하고 생장도 느림,알로에 속(屬)과 유사하나 빨간 꽃이 피는 것이 다르다. 남부 및 남서아프리카가 원산지로 비교적 소형의 식물이다. 원예교배종을 제외한 원종과 그 변종은 100여 종으로 알려져 있다.,가스테리아(Gasteria)속 (나리과),204858,자보,,,봄에 꽃이 핌,,,"봄, 가을 성장 (일 년 내내 성장)",느림,,,http://www.nongsaro.go.kr/cms_contents/1122/204858_MF_RIMG_01.jpg,http://www.nongsaro.go.kr/cms_contents/1122/204858_MF_RIMG_02.jpg,http://www.nongsaro.go.kr/cms_contents/1122/204858_MF_RIMG_03.jpg,"한여름 한낮의 강한 직사광만 피하고 가능한<br />햇빛이 잘 드는 곳에서 기름<br />실내 약광, 간접광에도 잘 적응하는 편임",http://www.nongsaro.go.kr/cms_contents/1122/204858_MF_BIMG_01.jpg,http://www.nongsaro.go.kr/cms_contents/1122/204858_MF_BIMG_02.jpg,잘 견딤,쉬움,남아프리카 남부,포기나누기,-5°C,굵은 뿌리,"<i>Gasteria gracilis</i> var. <i>minima</i>, 백합과",로제트형,,"성장기인 여름철에는 일조량에 따라 화분 겉흙이<br />마를 때 물을 흠뻑 줌<br />봄, 가을에는 월 2회 정도, 겨울에는 월 1회 정도 관수"
13,,잎이 도톰하고 길며 백분이 있음<br />잎을 억지로 따면 상처가 남<br />여름철에는 물을 적게 줌<br />번식이 잘 됨,,파키베리아(Pachyveria)속 (돌나물과),204857,상조,서리의 아침,,봄~여름사이 노란 색 꽃이 핌,,,"봄~가을 성장 (여름생장형, 겨울에 휴면)",보통,,,http://www.nongsaro.go.kr/cms_contents/1122/204857_MF_RIMG_01.jpg,http://www.nongsaro.go.kr/cms_contents/1122/204857_MF_RIMG_02.jpg,http://www.nongsaro.go.kr/cms_contents/1122/204857_MF_RIMG_03.jpg,,http://www.nongsaro.go.kr/cms_contents/1122/204857_MF_BIMG_01.jpg,,약간 돌봄,보통,멕시코,"잎꽂이, 자구꽂이",3°C,가는 뿌리,"<i>Pachyveria exotica</i>, 돌나물과",로제트형,,분 흙이 마르면 충분히 관수<br />잎에 물이 닿지 않도록 주의함
14,발코니 창측까지 이용 가능함,약 15cm너비의 장미꽃 형상이며 잎은 연한<br />붉은색의 두꺼운 반원통모양임,,파키베리아(Pachyveria)속 (돌나물과),204856,자려전,흑미인,고온 다습 환경시 충해의 피해가 큼,가을에 자줏빛 꽃대 위에 주황색 꽃이 핌,,,"봄~가을 성장 (여름생장형, 겨울에 휴면)",빠름,,환경에 따라 흑자주색으로 물듦,http://www.nongsaro.go.kr/cms_contents/1122/204856_MF_RIMG_01.jpg,http://www.nongsaro.go.kr/cms_contents/1122/204856_MF_RIMG_02.jpg,http://www.nongsaro.go.kr/cms_contents/1122/204856_MF_RIMG_03.jpg,해가 드는 곳이나 밝은 곳,http://www.nongsaro.go.kr/cms_contents/1122/204856_MF_BIMG_01.jpg,http://www.nongsaro.go.kr/cms_contents/1122/204856_MF_BIMG_02.jpg,약간 돌봄,보통,멕시코,"잎꽂이, 줄기꽂이",3°C,,"<i>Pachyveria</i> 'Royal Flush' , 돌나물과",군생형,,한 달에 1~2번 흠뻑 전면 관수
15,발코니 창측까지 이용 가능함<br />- 잎이 아래로 쳐지면서 벌어짐,곧게 선 줄기에 잎이 약간 긺<br />잎이 떨어진 후에 줄기 끝에 잎이 남<br />성장이 좋은 다육이로 주걱모양의 기다란 잎이<br />탐스럽게 런너를 형성하며 성장하고 잎 표면이<br />미세한 백분으로 덮여 있어 뽀얗고 깔끔함<br />성장하면서 줄기는 곧고 튼튼하게 목질화됨,,파키베리아(Pachyveria)속 (돌나물과),204855,입전,"입전군생, 원종 엘레강스, 다쯔다",,늦은 봄부터 여름까지 맑은 주황색 꽃이 핌,,,"봄~가을 성장 (여름생장형, 겨울에 휴면)",빠름,고온다습을 피함,,http://www.nongsaro.go.kr/cms_contents/1122/204855_MF_RIMG_01.jpg,http://www.nongsaro.go.kr/cms_contents/1122/204855_MF_RIMG_02.jpg,http://www.nongsaro.go.kr/cms_contents/1122/204855_MF_RIMG_03.jpg,하루 4~5시간 이상의 햇빛을 요구함,http://www.nongsaro.go.kr/cms_contents/1122/204855_MF_BIMG_01.jpg,http://www.nongsaro.go.kr/cms_contents/1122/204855_MF_BIMG_02.jpg,약간 돌봄,보통,멕시코,"잎꽂이, 자구꽂이",3°C,가는 뿌리,"<i>Pachyveria scheideckeri</i>, 돌나물과",군생형,,한 달에 두 번 정도 흠뻑 관수
16,발코니 창측까지 이용 가능함,,,파키베리아(Pachyveria)속 (돌나물과),204854,일레인,,,,,,여름형(3~7월) /겨울형(9~1월),,,,http://www.nongsaro.go.kr/cms_contents/1122/204854_MF_RIMG_01.jpg,http://www.nongsaro.go.kr/cms_contents/1122/204854_MF_RIMG_02.jpg,http://www.nongsaro.go.kr/cms_contents/1122/204854_MF_RIMG_03.jpg,,http://www.nongsaro.go.kr/cms_contents/1122/204854_MF_BIMG_01.jpg,http://www.nongsaro.go.kr/cms_contents/1122/204854_MF_BIMG_02.jpg,약간 돌봄,보통,,,,가는 뿌리,"<i>Pachyveria</i> 'Elaine Reinelt' , 돌나물과",로제트형,,
17,발코니 내측까지 이용 가능함<br />- 분홍빛은 띠지 않고 연한 백분을 유지함<br />잎의 각도가 아래로 벌어짐,목대에 끈적임이 있음,"멕시코 고원지대가 원산지이다. 작은 나무 모양의 줄기에 다양한 잎의 형태를 갖는다. Echeveria 속과 근연이다. 잎의 형태도 Echeveria와 비슷하지만, 일반적으로 다육의 정도가 높고 줄기보다 잎의 비율이 크다.",파키피툼(Pachyphytum)속 (돌나물과),204853,홍미인,,,겨울부터 초여름 사이에 나팔 모양의 붉은색 <br />꽃이 핌,,,"봄~가을 성장 (여름생장형, 겨울에 휴면)",보통,,잎끝부터 분홍빛으로 물듦,http://www.nongsaro.go.kr/cms_contents/1122/204853_MF_RIMG_01.jpg,http://www.nongsaro.go.kr/cms_contents/1122/204853_MF_RIMG_02.jpg,http://www.nongsaro.go.kr/cms_contents/1122/204853_MF_RIMG_03.jpg,하루 4~5시간 이상의 충분한 광,http://www.nongsaro.go.kr/cms_contents/1122/204853_MF_BIMG_01.jpg,http://www.nongsaro.go.kr/cms_contents/1122/204853_MF_BIMG_02.jpg,약간 돌봄,보통,멕시코,"잎꽂이, 줄기꽂이",0°C,가는 뿌리,"<i>Pachyphytum oviferum</i> ‘Momovijin’ , 돌나물과",불규칙형,,
18,발코니 내측까지 이용 가능함<br />- 약간 키가 커졌으나 잎의 두께와 모양 등은<br />변하지 않고 관상가치 유지함,"작고 낮은 나무모양으 로, 잎끝은 넓고 둥글며<br />끝은 약간 뾰족함<br />백분을 띤 잎은 옅은 청록색<br />잎 길이는 2∼4cm, 폭은 2∼2.5cm로<br />두께는 1∼1.5cm로 두꺼움","멕시코 고원지대가 원산지이다. 작은 나무 모양의 줄기에 다양한 잎의 형태를 갖는다. Echeveria 속과 근연이다. 잎의 형태도 Echeveria와 비슷하지만, 일반적으로 다육의 정도가 높고 줄기보다 잎의 비율이 크다.",파키피툼(Pachyphytum)속 (돌나물과),204852,성미인,,,4~6월 사이에 선홍색(내측은 적색) 종 모양의<br />꽃이 핌,,,"봄~가을 성장 (여름생장형, 겨울에 휴면)",빠름,,옅은 청록색의 잎이 붉은 보라색으로 물듦,http://www.nongsaro.go.kr/cms_contents/1122/204852_MF_RIMG_01.jpg,http://www.nongsaro.go.kr/cms_contents/1122/204852_MF_RIMG_02.jpg,http://www.nongsaro.go.kr/cms_contents/1122/204852_MF_RIMG_03.jpg,반그늘,http://www.nongsaro.go.kr/cms_contents/1122/204852_MF_BIMG_01.jpg,http://www.nongsaro.go.kr/cms_contents/1122/204852_MF_BIMG_02.jpg,필요함,보통,멕시코,"줄기꽂이, 잎꽂이, 파종",7°C,가는 뿌리,"<i>Pachyphytum oviferum</i>, 돌나물과",불규칙형,,성장기에는 물을 한 번 주고 나면 흙을 완전히<br />건조 후에 관수함
19,발코니 창측까지 이용 가능함<br />- 잎의 각도 벌어짐,식물체의 지름이 10cm임<br />길고 통통한 잎이 돌려나며 방추형임<br />성장이 느린편이며 줄기가 엄지손가락보다 굵게<br />목질화되는 모습을 볼 수 있음,"멕시코 고원지대가 원산지이다. 작은 나무 모양의 줄기에 다양한 잎의 형태를 갖는다. Echeveria 속과 근연이다. 잎의 형태도 Echeveria와 비슷하지만, 일반적으로 다육의 정도가 높고 줄기보다 잎의 비율이 크다.",파키피툼(Pachyphytum)속 (돌나물과),204851,군작,비리데,,봄부터 여름에 흰(안쪽은 적색)꽃이 핌,,,"봄~가을 성장 (여름생장형, 겨울에 휴면)",빠름,,어두운 녹색의 잎이 가을부터 겨울에 햇빛을<br />받으면 검붉은색으로 물듦,http://www.nongsaro.go.kr/cms_contents/1122/204851_MF_RIMG_01.jpg,http://www.nongsaro.go.kr/cms_contents/1122/204851_MF_RIMG_02.jpg,http://www.nongsaro.go.kr/cms_contents/1122/204851_MF_RIMG_03.jpg,"빛이 잘 들고 통풍이 용이한 곳(베란다, 창가)",http://www.nongsaro.go.kr/cms_contents/1122/204851_MF_BIMG_01.jpg,http://www.nongsaro.go.kr/cms_contents/1122/204851_MF_BIMG_02.jpg,약간 돌봄,보통,멕시코,"잎꽂이, 줄기꽂이",2~3°C,가는 뿌리,"<i>Pachyphytum viride</i>, 돌나물과",로제트형,,"여름철, 겉흙이 말랐을 때 흠뻑 관수하며<br />겨울철에는 분 흙이 완전히 말랐을 때<br />촉촉하게 해줌<br />5°C이하의 저온과 30°C이상의 고온 휴면기에는<br />물을 주지 않음"
20,발코니 내측까지 이용 가능함<br />- 잎에 광택이나는 녹색으로 건강해 보임,잎이 화월보다 둥글며 가장자리가 붉게 물듦<br />여름에는 잎이 파랗게 되며 가을에 다시 노랗게 됨,크라슐라 속은 가장 흔하게 볼 수 있는 다육식물이다. 대부분 남아프리카가 자생지이나 세계 각 지에 소수가 분포되어 있다. 크라슐라 속의 품종들은 다양한 모양과 색상을 자랑한다.,크라슐라(Crassula)속 (돌나물과),204850,신화월,,"배수가 안 되면 잿빛곰팡이병에 걸리기 쉬움<br />진딧물, 거미응애","봄, 겨울에 흰색과 연분홍 색의 꽃이 핌","5월과 9월 초순에 2회, 비료를 주면 잘 자람",,여름형(3~7월) /겨울형(9~1월),보통,,,http://www.nongsaro.go.kr/cms_contents/1122/204850_MF_RIMG_01.jpg,http://www.nongsaro.go.kr/cms_contents/1122/204850_MF_RIMG_02.jpg,http://www.nongsaro.go.kr/cms_contents/1122/204850_MF_RIMG_03.jpg,밝은 빛이나 직사광선에서 잘 자람,http://www.nongsaro.go.kr/cms_contents/1122/204850_MF_BIMG_01.jpg,http://www.nongsaro.go.kr/cms_contents/1122/204850_MF_BIMG_02.jpg,약간 돌봄,쉬움,남아프리카,"잎꽂이, 줄기꽂이",5°C,가는 뿌리,"<i>Crassula ovata</i> 'Obliqua' , 돌나물과",관목형,"따뜻한 곳이라면 실외에서도 시들지 않지만,<br />서리에는 상당히 약하므로 주의함",줄기와 잎에 수분을 저장하고 있기 때문에 심한<br />건조도 견뎌낼 수 있어 분 흙의 표면이 말라도<br />바로 물을 줄 필요는 없음<br />생장이 일시적으로 멈추는 한여름에는 물을<br />너무 많이주면 뿌리가 쉽게 썩음
21,발코니 창측까지 이용 가능함<br />- 발코니 내측에서는 가장 선단에 있는 어린 잎 웃자람,"15~30cm 내외로 자라며, 줄기에 있는 마디를<br />가릴정도로 많은 잎이 비스듬히 마주남<br />잎은 둥근 형이며 짧고 통통함. 줄기는 가늘고<br />탑을 쌓아가듯 곧게 뻗으며, 추후 옆으로 기듯이<br />뻗어나고 군생함",크라슐라 속은 가장 흔하게 볼 수 있는 다육식물이다. 대부분 남아프리카가 자생지이나 세계 각 지에 소수가 분포되어 있다. 크라슐라 속의 품종들은 다양한 모양과 색상을 자랑한다.,크라슐라(Crassula)속 (돌나물과),204849,무을녀,,잎에 물기가 있으면 충이 생길 수 있음,여름에서 이른 가을사이 종 모양의 흰색 꽃이 핌,,15~30°C,"가을~봄 성장 (겨울생장형, 여름에 휴면)",보통,,잎 끝에 붉은색,http://www.nongsaro.go.kr/cms_contents/1122/204849_MF_RIMG_01.jpg,http://www.nongsaro.go.kr/cms_contents/1122/204849_MF_RIMG_02.jpg,http://www.nongsaro.go.kr/cms_contents/1122/204849_MF_RIMG_03.jpg,직사광선 등 충분한 햇빛 필요,http://www.nongsaro.go.kr/cms_contents/1122/204849_MF_BIMG_01.jpg,http://www.nongsaro.go.kr/cms_contents/1122/204849_MF_BIMG_02.jpg,약간 돌봄,보통,남아프리카공화국,"줄기꽂이, 줄기를 2~3마디 정도 잘라 흙에<br />옮겨 심음<br />잘린 줄기는 두 개로 나뉘며 성장함",10°C,가는 뿌리,"<i>Crassula rupestriss</i> 'Marnieriana' , 돌나물과",탑형,,한 달에 두번 정도 흠뻑 전면 관수
22,발코니 내측까지 이용 가능함<br />- 창측의 형태를 유지하나 붉은 빛은 적어지고<br />전반적으로 녹색을 띰,잎은 끝이 빨판 모양 원통형<br />줄기는 약한 편이고 추위에 약함,크라슐라 속은 가장 흔하게 볼 수 있는 다육식물이다. 대부분 남아프리카가 자생지이나 세계 각 지에 소수가 분포되어 있다. 크라슐라 속의 품종들은 다양한 모양과 색상을 자랑한다.,크라슐라(Crassula)속 (돌나물과),204848,우주목,,,늦은 봄부터 여름까지 분홍색 꽃이 핌,,,"가을~봄 성장 (겨울생장형, 여름에 휴면)",보통,,빛을 충분히 받으면 원통형의 잎 끝이 붉게 물듦,http://www.nongsaro.go.kr/cms_contents/1122/204848_MF_RIMG_01.jpg,http://www.nongsaro.go.kr/cms_contents/1122/204848_MF_RIMG_02.jpg,http://www.nongsaro.go.kr/cms_contents/1122/204848_MF_RIMG_03.jpg,직사광선을 피함,http://www.nongsaro.go.kr/cms_contents/1122/204848_MF_BIMG_01.jpg,http://www.nongsaro.go.kr/cms_contents/1122/204848_MF_BIMG_02.jpg,약간 돌봄,보통,남아프리카,"잎꽂이, 줄기꽂이",5°C,가는 뿌리,"<i>Crassula portulacea monstrosa</i> 'Gollum' , 돌나물과",불규칙형,,한 달에 두 번 정도 흠뻑 전면 관수<br />여름 장마철과 겨울에는 단수
23,발코니 창측까지 이용 가능함,"줄기는 분 지성으로 많 이 자 라다가 나 중에는<br />쓰러져서 자라기도 함<br />잎은 마주나고 끝부분이 뾰족한 타원형에 가까운<br />회녹색이고 잎 둘레에 적색무늬가 있음<br />잎의 길이는 15~25mm, 폭은 9~13mm임",크라슐라 속은 가장 흔하게 볼 수 있는 다육식물이다. 대부분 남아프리카가 자생지이나 세계 각 지에 소수가 분포되어 있다. 크라슐라 속의 품종들은 다양한 모양과 색상을 자랑한다.,크라슐라(Crassula)속 (돌나물과),204847,십자성,영자,,가을부터 이른 봄까지 흰색 꽃이 핌,,,"가을~봄 성장 (겨울생장형, 여름에 휴면)",보통,,"봄, 가을 빛을 충분히 받으면 잎 가장자리가 붉게 물듦",http://www.nongsaro.go.kr/cms_contents/1122/204847_MF_RIMG_01.jpg,http://www.nongsaro.go.kr/cms_contents/1122/204847_MF_RIMG_02.jpg,http://www.nongsaro.go.kr/cms_contents/1122/204847_MF_RIMG_03.jpg,웃자라지 않기 위해 충분한 광 필요<br />한여름 직사광선 피함,http://www.nongsaro.go.kr/cms_contents/1122/204847_MF_BIMG_01.jpg,http://www.nongsaro.go.kr/cms_contents/1122/204847_MF_BIMG_02.jpg,약간 돌봄,보통,남아프리카,"잎꽂이, 줄기꽂이",5°C,가는 뿌리,"<i>Crassula perforata</i>, 돌나물과",탑형,,한 달에 두 번 가량 분의 흙이 흠뻑 젖도록 관수
24,발코니 창측까지 이용 가능함,"잎은 십자성과 비슷하나 잎에 무늬가 있고 조금 더 얇음<br />마주나는 연두색 두 잎이 열십자 모양으로 교차함<br />분지성으로 많은 줄기가 자라며, 46cm 까지 자람",크라슐라 속은 가장 흔하게 볼 수 있는 다육식물이다. 대부분 남아프리카가 자생지이나 세계 각 지에 소수가 분포되어 있다. 크라슐라 속의 품종들은 다양한 모양과 색상을 자랑한다.,크라슐라(Crassula)속 (돌나물과),204846,남십자성,,잎에 물기가 남아 있으면 충이 잘 생김,봄~여름 연노랑색 꽃이 핌,,,"가을~봄 성장 (겨울생장형, 여름에 휴면)",보통,,연두색 잎이 강한 광을 받으면 잎 가장자리가 붉게 물듦,http://www.nongsaro.go.kr/cms_contents/1122/204846_MF_RIMG_01.jpg,http://www.nongsaro.go.kr/cms_contents/1122/204846_MF_RIMG_02.jpg,http://www.nongsaro.go.kr/cms_contents/1122/204846_MF_RIMG_03.jpg,"충분한 광을 받아야 잎 간격이 촘촘하게 생장함<br />직사광선, 강광에 강함",http://www.nongsaro.go.kr/cms_contents/1122/204846_MF_BIMG_01.jpg,http://www.nongsaro.go.kr/cms_contents/1122/204846_MF_BIMG_02.jpg,약간 돌봄,보통,아프리카,"줄기꽂이, 포기나누기",4~7°C,가는 뿌리,"<i>Crassula perforata</i> var. <i>variegata</i>, 돌나물과",탑형,,한 달에 두 번 가량 분의 흙이 흠뻑 젖도록 관수
25,발코니 내측까지 이용 가능함,실내에서 1m 정도까지 자람,크라슐라 속은 가장 흔하게 볼 수 있는 다육식물이다. 대부분 남아프리카가 자생지이나 세계 각 지에 소수가 분포되어 있다. 크라슐라 속의 품종들은 다양한 모양과 색상을 자랑한다.,크라슐라(Crassula)속 (돌나물과),204845,염자,화월,"진딧물, 거미응애",봄에 작은 별 모양의 흰 꽃이 무수히 피지만<br />실내에서는 보기 어려움,"봄, 여름 액비를 격주로 줌5월과 9월 초순에 2회, 비료를 주면 잘 자람",15~35°C,"가을~봄 성장 (겨울생장형, 여름에 휴면)",빠름,배수가 안 되면 잿빛곰팡이병에 걸리기 쉬움,녹색의 잎 가장자리가 붉게 물듦,http://www.nongsaro.go.kr/cms_contents/1122/204845_MF_RIMG_01.jpg,http://www.nongsaro.go.kr/cms_contents/1122/204845_MF_RIMG_02.jpg,http://www.nongsaro.go.kr/cms_contents/1122/204845_MF_RIMG_03.jpg,밝은 빛이나 직사광선에서 잘 자람,http://www.nongsaro.go.kr/cms_contents/1122/204845_MF_BIMG_01.jpg,http://www.nongsaro.go.kr/cms_contents/1122/204845_MF_BIMG_02.jpg,약간 돌봄,쉬움,남아프리카,"잎꽂이, 줄기꽂이",3°C,가는 뿌리,"<i>Crassula ovata</i>, 돌나물과",관목형,실온에서 잘 자라며 겨울철에는 7-13°C의 저온에 두는 것이 좋다.,생장이 일시적으로 멈추는 한여름에 물을 너무<br />많이 주면 뿌리가 쉽게 썩음
26,발코니 창측까지 이용 가능함,통통한 삼각형 모양의 잎이 십자 형태로 마주 보고<br />나오며 위로 25~30cm 까지 자람,크라슐라 속은 가장 흔하게 볼 수 있는 다육식물이다. 대부분 남아프리카가 자생지이나 세계 각 지에 소수가 분포되어 있다. 크라슐라 속의 품종들은 다양한 모양과 색상을 자랑한다.,크라슐라(Crassula)속 (돌나물과),204844,애성,,,봄에 짙은 복숭아색 꽃이 핌,,,"가을~봄 성장 (겨울생장형, 여름에 휴면)",느림,,일조량과 통풍이 좋으면 옅은 녹색의 잎 테두리가<br />홍색으로 선명하게 물듦,http://www.nongsaro.go.kr/cms_contents/1122/204844_MF_RIMG_01.jpg,http://www.nongsaro.go.kr/cms_contents/1122/204844_MF_RIMG_02.jpg,http://www.nongsaro.go.kr/cms_contents/1122/204844_MF_RIMG_03.jpg,충분한 광 요구,http://www.nongsaro.go.kr/cms_contents/1122/204844_MF_BIMG_01.jpg,http://www.nongsaro.go.kr/cms_contents/1122/204844_MF_BIMG_02.jpg,필요함,매우 어려움,나미비아,"포기나누기, 줄기꽂이",5~10°C,가는 뿌리,"<i>Crassula nudicaulis</i> var. <i>herrei</i>, 돌나물과",불규칙형,,한 달에 두 번 정도 흠뻑 관수<br />여름철에 단수
27,발코니 내측까지 이용 가능함<br />- 키만 약간 자라지만 지지하는데 문제가 없고<br />관상가치 있음,"직경 4cm 정도의 사각형 기둥모양으로 잎은 두껍고<br />빽빽하게 겹쳐 있으며, 회백 녹색을 띰<br />잎의 윗면은 편평하며 각이 져 있고, 아랫면은<br />부풀어 오른 모양",크라슐라 속은 가장 흔하게 볼 수 있는 다육식물이다. 대부분 남아프리카가 자생지이나 세계 각 지에 소수가 분포되어 있다. 크라슐라 속의 품종들은 다양한 모양과 색상을 자랑한다.,크라슐라(Crassula)속 (돌나물과),204843,기천,,잎 사이에 물이 고이면 곰팡이병에 걸리기 쉬움<br />곰팡이병에 걸리면 잎색이 갈색으로 변하면서<br />형태가 쭈그러듦,꽃대는 굵고 흰색이며 여름에 작은 주황색 꽃이 핌,,,"가을~봄 성장 (겨울생장형, 여름에 휴면)",느림,,,http://www.nongsaro.go.kr/cms_contents/1122/204843_MF_RIMG_01.jpg,http://www.nongsaro.go.kr/cms_contents/1122/204843_MF_RIMG_02.jpg,http://www.nongsaro.go.kr/cms_contents/1122/204843_MF_RIMG_03.jpg,한여름의 강한 직사광선보다는 통풍이 잘 되는<br />밝은 그늘이 좋음,http://www.nongsaro.go.kr/cms_contents/1122/204843_MF_BIMG_01.jpg,http://www.nongsaro.go.kr/cms_contents/1122/204843_MF_BIMG_02.jpg,필요함,어려움,남아프리카,줄기꽂이,5°C,가는 뿌리,"<i>Crassula</i> 'Moonglow' , 돌나물과",탑형,,"장마철에는 일주일 전부터 단수, 겨울철에는<br />물을 거의 주지 않음"
28,발코니 내측까지 이용 가능함<br />- 창측의 형태를 유지하고 정단부쪽으로 약간<br />절간장이 길어지지만 관상가치 있음,가늘고 긴 잎에 길고 부드러운 흰색 털이 붙어 있음<br />군생으로 자람<br />봄에 줄기를 잘라 번식,크라슐라 속은 가장 흔하게 볼 수 있는 다육식물이다. 대부분 남아프리카가 자생지이나 세계 각 지에 소수가 분포되어 있다. 크라슐라 속의 품종들은 다양한 모양과 색상을 자랑한다.,크라슐라(Crassula)속 (돌나물과),204842,은전,,,,,,"가을~봄 성장 (겨울생장형, 여름에 휴면)",빠름,,녹색의 잎 표면에 하얀색 솜털이 무성,http://www.nongsaro.go.kr/cms_contents/1122/204842_MF_RIMG_01.jpg,http://www.nongsaro.go.kr/cms_contents/1122/204842_MF_RIMG_02.jpg,http://www.nongsaro.go.kr/cms_contents/1122/204842_MF_RIMG_03.jpg,직사광선을 피함,http://www.nongsaro.go.kr/cms_contents/1122/204842_MF_BIMG_01.jpg,http://www.nongsaro.go.kr/cms_contents/1122/204842_MF_BIMG_02.jpg,약간 돌봄,보통,"남아프리카공화국, 탄자니아","자구꽂이, 줄기꽂이, 포기나누기",0°C,가는 뿌리,"<i>Crassula mesembryanthemoides</i>, 돌나물과",관목형,,분 흙이 말랐을 때 흠뻑 관수
29,발코니 창측까지 이용 가능함,12cm까지 자람<br />자생지가 넓고 형태가 다양<br />군생으로 키움<br />여름철에는 물을 적게 줌,크라슐라 속은 가장 흔하게 볼 수 있는 다육식물이다. 대부분 남아프리카가 자생지이나 세계 각 지에 소수가 분포되어 있다. 크라슐라 속의 품종들은 다양한 모양과 색상을 자랑한다.,크라슐라(Crassula)속 (돌나물과),204841,백로,백묘,,봄에 흰색 꽃이 개화,,,"가을~봄 성장 (겨울생장형, 여름에 휴면)",느림,,,http://www.nongsaro.go.kr/cms_contents/1122/204841_MF_RIMG_01.jpg,http://www.nongsaro.go.kr/cms_contents/1122/204841_MF_RIMG_02.jpg,http://www.nongsaro.go.kr/cms_contents/1122/204841_MF_RIMG_03.jpg,"충분한 광, 한여름에는 직사광선을 피함",http://www.nongsaro.go.kr/cms_contents/1122/204841_MF_BIMG_01.jpg,http://www.nongsaro.go.kr/cms_contents/1122/204841_MF_BIMG_02.jpg,필요함,어려움,남아프리카,줄기꽂이,5~10°C,가는 뿌리,"<i>Crassula deltoidea</i>, 돌나물과",포복형,,겉흙이 완전히 마를 때 관수<br />여름철에는 가급적 건조하게 관리
30,발코니 창측까지 이용 가능함,,크라슐라 속은 가장 흔하게 볼 수 있는 다육식물이다. 대부분 남아프리카가 자생지이나 세계 각 지에 소수가 분포되어 있다. 크라슐라 속의 품종들은 다양한 모양과 색상을 자랑한다.,크라슐라(Crassula)속 (돌나물과),204840,크라슐라 ‘다비드’,,,봄에 개화,,,"가을~봄 성장 (겨울생장형, 여름에 휴면)",빠름,,생육환경에 따라 노란색에서 붉은색으로 물듦,http://www.nongsaro.go.kr/cms_contents/1122/204840_MF_RIMG_01.jpg,http://www.nongsaro.go.kr/cms_contents/1122/204840_MF_RIMG_02.jpg,http://www.nongsaro.go.kr/cms_contents/1122/204840_MF_RIMG_03.jpg,직사광선을 피한 밝은 광 필요,http://www.nongsaro.go.kr/cms_contents/1122/204840_MF_BIMG_01.jpg,http://www.nongsaro.go.kr/cms_contents/1122/204840_MF_BIMG_02.jpg,약간 돌봄,보통,남아프리카,"파종, 잎꽂이",5~10°C,가는 뿌리,"<i>Crassula</i> 'David' , 돌나물과",포복형,월동 안 됨,겉흙이 완전히 마를 때 관수<br />여름철에는 가급적 건조하게 관리
31,"발코니 내측까지 이용 가능함<br />- 키가 자라 커다란 탑 모양을 만들지만 지지하는데<br />문제가 없고, 창측과 전혀 다른 모습이지만<br />관상가치 있음",잎 너비가 2~3cm로 탑처럼 쌓여 가며 길게 자람<br />육각형 모양을 띤 것도 있음,크라슐라 속은 가장 흔하게 볼 수 있는 다육식물이다. 대부분 남아프리카가 자생지이나 세계 각 지에 소수가 분포되어 있다. 크라슐라 속의 품종들은 다양한 모양과 색상을 자랑한다.,크라슐라(Crassula)속 (돌나물과),204839,크라슐라 ‘부다템플’,대형녹탑,깍지벌레 주의,11월 부터 1월 사이 흰색의 꽃이 핌,,12~30°C,"가을~봄 성장 (겨울생장형, 여름에 휴면)",느림,과습에 약함,잎의 가장자리부터 붉게 물듦,http://www.nongsaro.go.kr/cms_contents/1122/204839_MF_RIMG_01.jpg,http://www.nongsaro.go.kr/cms_contents/1122/204839_MF_RIMG_02.jpg,http://www.nongsaro.go.kr/cms_contents/1122/204839_MF_RIMG_03.jpg,직광을 피한 밝은 광 요구,http://www.nongsaro.go.kr/cms_contents/1122/204839_MF_BIMG_01.jpg,http://www.nongsaro.go.kr/cms_contents/1122/204839_MF_BIMG_02.jpg,필요함,어려움,미국,줄기꽂이,5~10°C,가는 뿌리,"<i>Crassula</i> 'Buddha's Temple' , 돌나물과",탑형,,겉흙이 완전히 마를 때 관수<br />여름철에는 가급적 건조하게 관리
32,발코니 창측까지 이용 가능함,원예종으로 소형이며 잎 전체가 붉게 물듦<br />강하게 키우는 것이 좋음,크라슐라 속은 가장 흔하게 볼 수 있는 다육식물이다. 대부분 남아프리카가 자생지이나 세계 각 지에 소수가 분포되어 있다. 크라슐라 속의 품종들은 다양한 모양과 색상을 자랑한다.,크라슐라(Crassula)속 (돌나물과),204838,적귀성,,,가을부터 겨울 사이에 흰색의 작은 꽃이 다발로 핌,,,"봄~가을 성장 (여름생장형, 겨울에 휴면)",보통,,푸른 색의 잎이 가을이 되면 붉게 물듦,http://www.nongsaro.go.kr/cms_contents/1122/204838_MF_RIMG_01.jpg,http://www.nongsaro.go.kr/cms_contents/1122/204838_MF_RIMG_02.jpg,http://www.nongsaro.go.kr/cms_contents/1122/204838_MF_RIMG_03.jpg,충분한 빛,http://www.nongsaro.go.kr/cms_contents/1122/204838_MF_BIMG_01.jpg,http://www.nongsaro.go.kr/cms_contents/1122/204838_MF_BIMG_02.jpg,필요함,어려움,남아프리카,"잎꽂이, 줄기꽂이",5~10°C,가는 뿌리,"<i>Crassula cappitella</i> 'Campfire' X C. fusca 'Momigimatsuri' , 돌나물과",군생형,,건조하게 관리<br />잎에 주름이 생기기 시작할 때 관수
33,발코니 창측까지 이용 가능함,잎 너비는 1~2cm 정도이며 빨간색을 띰,크라슐라 속은 가장 흔하게 볼 수 있는 다육식물이다. 대부분 남아프리카가 자생지이나 세계 각 지에 소수가 분포되어 있다. 크라슐라 속의 품종들은 다양한 모양과 색상을 자랑한다.,크라슐라(Crassula)속 (돌나물과),204837,화제,,,가을부터 겨울까지 흰 색 꽃이 핌,,,"봄~가을 성장 (여름생장형, 겨울에 휴면)",보통,,해를 자주 볼 수로 붉게 물듦,http://www.nongsaro.go.kr/cms_contents/1122/204837_MF_RIMG_01.jpg,http://www.nongsaro.go.kr/cms_contents/1122/204837_MF_RIMG_02.jpg,http://www.nongsaro.go.kr/cms_contents/1122/204837_MF_RIMG_03.jpg,실외나 햇빛이 잘 드는 실내에서 키움,http://www.nongsaro.go.kr/cms_contents/1122/204837_MF_BIMG_01.jpg,http://www.nongsaro.go.kr/cms_contents/1122/204837_MF_BIMG_02.jpg,약간 돌봄,보통,아프리카,"잎꽂이, 줄기꽂이",5~10°C,가는 뿌리,"<i>Crassula Americana</i> 'Flame' , 돌나물과",로제트형,추위와 더위에 강함,"잎이 쭈글거릴 때 듬뿍 관수함<br />건조하게 키워야 잎색이 선명해지고,<br />물을 많이 주면 잎이 초록색으로 됨"
34,발코니 창측까지 이용 가능함,"백녹색의 잎에 보랏빛 홍색선이 둘러져 있으며<br />백분이 있음<br />겨울철에는 그다지 자라지 않으며, 5°C 이상을<br />유지하고 물을 적게 줌","남아프리카, 남서아프리카, 에티오피아에 분포하는 관목성 다육식물이다. 두툼한 잎이 특징이며, 줄기 아랫부분은 목질화되어 차츰 갈색으로 변한다. 생장기에 따라 여름생장형과 겨울생장형으로 구별하며 약 60종이 알려졌다.",코티레돈(Cotyledon)속 (돌나물과),204836,복랑,,,봄~여름 사이 연한 홍색의 꽃이 핌,,,봄~가을 생장 (여름생장형),느림,,원통 모양의 잎 끝부분이 특유의 자홍색으로 물듦,http://www.nongsaro.go.kr/cms_contents/1122/204836_MF_RIMG_01.jpg,http://www.nongsaro.go.kr/cms_contents/1122/204836_MF_RIMG_02.jpg,http://www.nongsaro.go.kr/cms_contents/1122/204836_MF_RIMG_03.jpg,직사광선을 피함,http://www.nongsaro.go.kr/cms_contents/1122/204836_MF_BIMG_01.jpg,http://www.nongsaro.go.kr/cms_contents/1122/204836_MF_BIMG_02.jpg,필요함,매우 어려움,남아프리카,자구꽂이,5~10°C,가는 뿌리,"<i>Cotyledon orbiculata</i> var. <i>oophylla</i>, 돌나물과",불규칙형,잎에 물이 닿지 않게 함,"1~2주에 한 번 흠뻑 관수 여름, 겨울철에는 관수<br />횟수를 줄임"
35,발코니 창측까지 이용 가능함,,"남아프리카, 남서아프리카, 에티오피아에 분포하는 관목성 다육식물이다. 두툼한 잎이 특징이며, 줄기 아랫부분은 목질화되어 차츰 갈색으로 변한다. 생장기에 따라 여름생장형과 겨울생장형으로 구별하며 약 60종이 알려졌다.",코티레돈(Cotyledon)속 (돌나물과),204835,백미인,,,,,,봄~가을 생장 (여름생장형),빠름,,,http://www.nongsaro.go.kr/cms_contents/1122/204835_MF_RIMG_01.jpg,http://www.nongsaro.go.kr/cms_contents/1122/204835_MF_RIMG_02.jpg,http://www.nongsaro.go.kr/cms_contents/1122/204835_MF_RIMG_03.jpg,충분한 광 필요,http://www.nongsaro.go.kr/cms_contents/1122/204835_MF_BIMG_01.jpg,http://www.nongsaro.go.kr/cms_contents/1122/204835_MF_BIMG_02.jpg,약간 돌봄,보통,멕시코,"파종, 잎꽂이, 줄기꽂이",5~10°C,가는 뿌리,"<i>Cotyledon orbiculata</i> sp., 돌나물과",군생형,,한 달에 두 번 가량 흠뻑 관수
36,발코니 내측까지 이용 가능함<br />-잎 가장자리의 적갈색 반점을 유지,"줄기는 높이 30cm정도의 낮은 나무 모양으로<br />자라며, 가지가 계속 발생해 넓게 퍼짐<br />회록색의 몸체에 두툼한 털이 월토이와 비슷하며<br />길이 2.5cm, 폭 1.2cm 정도인 잎이 많이 달림","남아프리카, 남서아프리카, 에티오피아에 분포하는 관목성 다육식물이다. 두툼한 잎이 특징이며, 줄기 아랫부분은 목질화되어 차츰 갈색으로 변한다. 생장기에 따라 여름생장형과 겨울생장형으로 구별하며 약 60종이 알려졌다.",코티레돈(Cotyledon)속 (돌나물과),204834,웅동자,,,"(꽃대) 10~20cm, 주황색~적갈색의 초롱꽃 모양<br />꽃은 생장점 끝부분에 핌",,-1~35℃,"봄~가을 성장 (여름생장형, 겨울에 휴면)",빠름,,가을이 되면 잎 가장자리의 돌기가 적갈색으로 물듦,http://www.nongsaro.go.kr/cms_contents/1122/204834_MF_RIMG_01.jpg,http://www.nongsaro.go.kr/cms_contents/1122/204834_MF_RIMG_02.jpg,http://www.nongsaro.go.kr/cms_contents/1122/204834_MF_RIMG_03.jpg,강한 광선은 잎 끝을 빨간색으로 변색시킬 수<br />있으나 반그늘에서 문제없이 자람<br />한여름 고온의 직사광선을 피함,http://www.nongsaro.go.kr/cms_contents/1122/204834_MF_BIMG_01.jpg,http://www.nongsaro.go.kr/cms_contents/1122/204834_MF_BIMG_02.jpg,잘 견딤,쉬움,남아프리카,"파종, 줄기꽂이",-1°C,가는 뿌리,"<i>Cotyledon tomentosa</i>, 돌나물과",불규칙형,양지바른 곳에서 건조하게 키움,화분 위 흙만 젖도록 관수
37,발코니 창측까지 이용 가능함<br />- 잎의 각도 벌어짐,"기부에서부터 가지를 치며 높이 50cm 정도<br />잎은 상당히 다육질이며 원형으로 긴 편. 길이 7cm,<br />폭 2cm 정도임<br />줄기와 잎은 조밀한 백모(白毛)형태의 펠트로<br />덮여있으며 잎 가장자리에는 톱니 모양으로<br />진한 갈색의 반점이 있음","원산지는 마다가스카르를 중심으로 남아프리카, 열대아프리카, 열대아메리카 등 열대권에 분포하고 있으며 100여 종이 알려졌다. 대부분 다육질의 반관목 또는 관목의 형태를 하고 있다. 번식력이 좋지만, 추위에 약하므로 온도 관리에 주의해야 한다. 무가온 재배의 경우에는 물을 전혀 주지 않고 월동시키고 꽃은 겨울에 피는 종 이외에는 부정기적으로 핀다.",칼랑코에(Kalanchoe)속 (돌나물과),204833,월토이,,,개화시기가 일정하지 않음. 연녹색의 꽃이 핌,,15~35°C,봄~가을 성장 (겨울에 휴면),빠름,,,http://www.nongsaro.go.kr/cms_contents/1122/204833_MF_RIMG_01.jpg,http://www.nongsaro.go.kr/cms_contents/1122/204833_MF_RIMG_02.jpg,http://www.nongsaro.go.kr/cms_contents/1122/204833_MF_RIMG_03.jpg,충분한 햇빛을 요구,http://www.nongsaro.go.kr/cms_contents/1122/204833_MF_BIMG_01.jpg,http://www.nongsaro.go.kr/cms_contents/1122/204833_MF_BIMG_02.jpg,잘 견딤,쉬움,마다가스카르,"줄기꽂이, 잎꽂이",5°C,가는 뿌리,"<i>Kalanchoe tomentosa</i>, 돌나물과",로제트형,잎에 물이 닿지 않게 관수함,한 달에 두 번 정도 흠뻑 관수
38,발코니 내측까지 이용 가능함<br />- 잎의 각도 벌어짐,"줄기에는 잎이 촘촘하게 붙어 있으며 줄기는<br />1m 정도까지 자람<br />백분을 띤 잎은 길이 10~15cm, 폭 4~6cm 정도로<br />가장 자리가 붉으며 계란형임","원산지는 마다가스카르를 중심으로 남아프리카, 열대아프리카, 열대아메리카 등 열대권에 분포하고 있으며 100여 종이 알려졌다. 대부분 다육질의 반관목 또는 관목의 형태를 하고 있다. 번식력이 좋지만, 추위에 약하므로 온도 관리에 주의해야 한다. 무가온 재배의 경우에는 물을 전혀 주지 않고 월동시키고 꽃은 겨울에 피는 종 이외에는 부정기적으로 핀다.",칼랑코에(Kalanchoe)속 (돌나물과),204832,당인,,,겨울부터 이른 봄까지 노란 색 꽃이 핌,,12~35°C,봄~가을 성장 (겨울에 휴면),빠름,,가을부터 겨울에 충분한 빛을 받으면<br />잎 가장자리의 홍색 테두리가 더욱<br />빨갛게 됨,http://www.nongsaro.go.kr/cms_contents/1122/204832_MF_RIMG_01.jpg,http://www.nongsaro.go.kr/cms_contents/1122/204832_MF_RIMG_02.jpg,http://www.nongsaro.go.kr/cms_contents/1122/204832_MF_RIMG_03.jpg,간접광에서도 생육 가능하지만 많은 양의 직접광이 필요,http://www.nongsaro.go.kr/cms_contents/1122/204832_MF_BIMG_01.jpg,http://www.nongsaro.go.kr/cms_contents/1122/204832_MF_BIMG_02.jpg,필요함,보통,마다가스카르,"잎꽂이, 포기나누기",-2°C,가는 뿌리,"<i>Kalanchoe thyrsifolia</i>, 돌나물과",불규칙형,,분 흙이 완전히 마르면 흠뻑 관수
39,발코니 창측까지 이용 가능함<br />- 잎이 넓어지고 벌어짐,보랏 빛깔 장미 모양 형태에 은은한 장미향이 남<br />잎사귀를 만지면 짧은 잔털이 있어서 캐시미어처럼<br />부드러움,"아프리카 북부와 인근 섬에 자생하고 있는 에오니움속 다육식물은 노출된 줄기 끝에 로제트형상인 납빛의 잎이 있는데, 이 잎들은 꽃이 진 후 낙엽이 되어 떨어지는 습성을 가지고 있다. 몇몇 종은 매혹적인 색채를 가진다. 에오니움속 대부분은 중앙에 줄기가 있고 줄기 끝에 잎들이 달린모양이다. 줄기는 목질화되어 있고 통상 기근(氣根)을 낸다.",에오니움(Aeonium)속 (돌나물과),204831,캐시미어바이올렛,,,,,10~24°C,가을~봄 성장 (겨울생장형),빠름,,빛을 충분히 받으면 잎장의 끝부터 자주 빛으로 물듦,http://www.nongsaro.go.kr/cms_contents/1122/204831_MF_RIMG_01.jpg,http://www.nongsaro.go.kr/cms_contents/1122/204831_MF_RIMG_02.jpg,http://www.nongsaro.go.kr/cms_contents/1122/204831_MF_RIMG_03.jpg,,http://www.nongsaro.go.kr/cms_contents/1122/204831_MF_BIMG_01.jpg,http://www.nongsaro.go.kr/cms_contents/1122/204831_MF_BIMG_02.jpg,약간 돌봄,쉬움,카나리제도,줄기꽂이,-7°C,가는 뿌리,"<i>Aeonium velour</i>, 돌나물과",직립형,,휴면기인 여름에는 단수
40,발코니 내측까지 이용 가능함<br />- 잎이 녹색으로 변하고 잎 모양이 활짝 전개됨,잎 길이가 2cm이고 끈적거림<br />줄기는 얇고 진한 갈색을 띠며 잘 부러짐<br />잎이 유접곡보다 원통형임,"아프리카 북부와 인근 섬에 자생하고 있는 에오니움속 다육식물은 노출된 줄기 끝에 로제트형상인 납빛의 잎이 있는데, 이 잎들은 꽃이 진 후 낙엽이 되어 떨어지는 습성을 가지고 있다. 몇몇 종은 매혹적인 색채를 가진다. 에오니움속 대부분은 중앙에 줄기가 있고 줄기 끝에 잎들이 달린모양이다. 줄기는 목질화되어 있고 통상 기근(氣根)을 낸다.",에오니움(Aeonium)속 (돌나물과),204830,소인제,,,늦은 봄부터 노란색 꽃이 핌,,3~35°C,"가을~봄 성장 (여름생장형, 겨울에 휴면)",보통,,햇빛을 받으면 잎면의 붉은색 무늬가 선명해짐,http://www.nongsaro.go.kr/cms_contents/1122/204830_MF_RIMG_01.jpg,http://www.nongsaro.go.kr/cms_contents/1122/204830_MF_RIMG_02.jpg,http://www.nongsaro.go.kr/cms_contents/1122/204830_MF_RIMG_03.jpg,충분한 광을 받아야 웃자람이 없고 잎의 무늬가 선명해짐,http://www.nongsaro.go.kr/cms_contents/1122/204830_MF_BIMG_01.jpg,http://www.nongsaro.go.kr/cms_contents/1122/204830_MF_BIMG_02.jpg,필요함,보통,카나리제도,"파종, 줄기꽂이",0°C,가는 뿌리,"<i>Aeonium sedifolium</i>, 돌나물과",관목형,,완전히 건조해졌을 때 충분히 관수
41,발코니 내측까지 이용 가능함<br />- 잎이 녹색으로 변하고 잎 모양이 활짝 전개됨,줄기 끝 부분에 로제트상으로 작은 잎을 만듦<br />잎 길이는 1cm이고 둥근 형태로 표면에 갈색<br />무늬가 있음<br />녹색의 가느다란 줄기는 점차 목질화됨<br />소인제보다 잎이 넓음,"아프리카 북부와 인근 섬에 자생하고 있는 에오니움속 다육식물은 노출된 줄기 끝에 로제트형상인 납빛의 잎이 있는데, 이 잎들은 꽃이 진 후 낙엽이 되어 떨어지는 습성을 가지고 있다. 몇몇 종은 매혹적인 색채를 가진다. 에오니움속 대부분은 중앙에 줄기가 있고 줄기 끝에 잎들이 달린모양이다. 줄기는 목질화되어 있고 통상 기근(氣根)을 낸다.",에오니움(Aeonium)속 (돌나물과),204829,유접곡,청패희,,늦봄에 노란색 꽃이 핌,,3~35°C,"가을~봄 성장 (겨울생장형, 여름에 휴면)",빠름,,잎의 갈색 무늬가 햇빛을 자주 볼수록 색이 선명해짐,http://www.nongsaro.go.kr/cms_contents/1122/204829_MF_RIMG_01.jpg,http://www.nongsaro.go.kr/cms_contents/1122/204829_MF_RIMG_02.jpg,http://www.nongsaro.go.kr/cms_contents/1122/204829_MF_RIMG_03.jpg,충분한 광을 받아야 웃자람이 없고 잎의 무늬가 선명해짐,http://www.nongsaro.go.kr/cms_contents/1122/204829_MF_BIMG_01.jpg,http://www.nongsaro.go.kr/cms_contents/1122/204829_MF_BIMG_02.jpg,약간 돌봄,보통,아프리카 남부,"파종, 줄기꽂이",-7°C,가는 뿌리,"<i>Aeonium arnoldii</i>, 돌나물과",관목형,,완전히 건조해졌을 때 충분히 관수
42,발코니 내측까지 이용 가능함<br />- 잎 중심 초록색부위가 넓어져 잎끝으로만 진한 자주 빛,"원예품종으로 잎이 줄기 끝에 로제트 형상으로<br />자라고, 25cm 정도 높이의 곧은 줄기에 가지가<br />조금 나옴<br />로제트의 직경은 20cm 정도로 잎은 암적자색으로<br />밀생하고 주걱모양이며 선단은 뾰족하지 않음<br />잎 주위에서는 흰털이 남","아프리카 북부와 인근 섬에 자생하고 있는 에오니움속 다육식물은 노출된 줄기 끝에 로제트형상인 납빛의 잎이 있는데, 이 잎들은 꽃이 진 후 낙엽이 되어 떨어지는 습성을 가지고 있다. 몇몇 종은 매혹적인 색채를 가진다. 에오니움속 대부분은 중앙에 줄기가 있고 줄기 끝에 잎들이 달린모양이다. 줄기는 목질화되어 있고 통상 기근(氣根)을 낸다.",에오니움(Aeonium)속 (돌나물과),204828,흑법사(黑法師),,,"긴 총상화서로 25~30cm, 연한 황색꽃이 여름에 개화",,10°C 이상,가을~봄 성장 (겨울생장형),빠름,,햇빛을 많이 받으면 더 새까매져서 특유의 색이 나옴,http://www.nongsaro.go.kr/cms_contents/1122/204828_MF_RIMG_01.jpg,http://www.nongsaro.go.kr/cms_contents/1122/204828_MF_RIMG_02.jpg,http://www.nongsaro.go.kr/cms_contents/1122/204828_MF_RIMG_03.jpg,양지나 반그늘에서 키움<br />채색을 변화시키려면 많은 빛을 쬐어야 함,http://www.nongsaro.go.kr/cms_contents/1122/204828_MF_BIMG_01.jpg,http://www.nongsaro.go.kr/cms_contents/1122/204828_MF_BIMG_02.jpg,약간 돌봄,쉬움,카나리아 섬,"줄기꽂이, 파종<br />어느 정도 자랐을 때 줄기 끝을 자르고 그늘진 곳에<br />놓아두면 곧 뿌리가 발생함",-2°C,가는 뿌리,"<i>Aeonium arboreum</i> 'Atropurpureum' , 돌나물과",직립형,,분 흙이 완전히 건조해졌을 때 흠뻑 관수
43,,갸름한 잎이 두툼하게 로제트 형으로 자라며<br />잎 끝 부분에 흰색 띠가 나타남<br />생장이 빠르며 잘 늘어짐<br />줄기가 단단하고 추위에 강함,"돌나물과의 에케베리아 속 식물들은 다육식물에서 가장인기 있는 품종이라고 해도 과언이 아닐 만큼 예쁘고 멋진 모양을 자랑한다. 대부분 꽃 모양의 잎(로제트형)을 가지고 있는데, 여러 품종과 교배종들이 많아서 구별하기 어려울 때도 있다.  원종은 주로 멕시코 고원에 넓게 자생한다. 약 100종이 넘는 원종이 있고, 최근 외국에서 교잡육종한 신품종이 다수 도입되고 있다.",그랍토페탈(Graptopetalum)속 (돌나물과),204827,홍용월,,고온다습한 환경에서 충해의 피해 큼,"이른 봄에 붉은 반점이 있는 흰색의 별모양 꽃이 핌<br />꽃대 15cm, 크기 3cm",,,"봄~가을 성장 (여름생장형, 겨울에 휴면)",빠름,여름철 고온에 약함,햇빛을 많이 받으면 진한 분홍빛으로 물듦,http://www.nongsaro.go.kr/cms_contents/1122/204827_MF_RIMG_01.jpg,http://www.nongsaro.go.kr/cms_contents/1122/204827_MF_RIMG_02.jpg,http://www.nongsaro.go.kr/cms_contents/1122/204827_MF_RIMG_03.jpg,밝은 그늘에서 키움,http://www.nongsaro.go.kr/cms_contents/1122/204827_MF_BIMG_01.jpg,http://www.nongsaro.go.kr/cms_contents/1122/204827_MF_BIMG_02.jpg,잘 견딤,매우 쉬움,멕시코,"파종, 줄기꽂이, 잎꽂이",0°C,가는 뿌리,"<i>Graptopetalum paraguayense</i>, 돌나물과",직립형,,한 달에 두 번 정도 전체적으로 흠뻑 관수
44,발코니 창측까지 이용 가능함,"10~15cm 까지 성장<br />잎 길이 1.0~1.5cm, 폭 0.5cm 까지 됨<br />군생하며 자라고 옅은 살구색을 띰<br />더디게 키우는 것이 좋음","돌나물과의 에케베리아 속 식물들은 다육식물에서 가장인기 있는 품종이라고 해도 과언이 아닐 만큼 예쁘고 멋진 모양을 자랑한다. 대부분 꽃 모양의 잎(로제트형)을 가지고 있는데, 여러 품종과 교배종들이 많아서 구별하기 어려울 때도 있다.  원종은 주로 멕시코 고원에 넓게 자생한다. 약 100종이 넘는 원종이 있고, 최근 외국에서 교잡육종한 신품종이 다수 도입되고 있다.",그랍토페탈(Graptopetalum)속 (돌나물과),204826,그랍토페탈룸 멘도자,"멘도사, 베라히긴즈, 멘도자",고온다습한 환경에서 충해의 피해 큼,"늦은 봄부터 여름까지 흰색의 꽃이 핌<br />꽃은 직경 1cm 정도로 작으며, 꽃잎은 3~5장<br />다른 그랍토페탈룸과 식물들과 달리 꽃잎에<br />줄무늬나 반점이 없음",,,"봄~가을 성장 (여름생장형, 겨울에 휴면)",빠름,,강한 빛을 받으면 잎끝이 붉게 물듦,http://www.nongsaro.go.kr/cms_contents/1122/204826_MF_RIMG_01.jpg,http://www.nongsaro.go.kr/cms_contents/1122/204826_MF_RIMG_02.jpg,http://www.nongsaro.go.kr/cms_contents/1122/204826_MF_RIMG_03.jpg,충분한 빛,http://www.nongsaro.go.kr/cms_contents/1122/204826_MF_BIMG_01.jpg,http://www.nongsaro.go.kr/cms_contents/1122/204826_MF_BIMG_02.jpg,약간 돌봄,쉬움,멕시코,"줄기꽂이, 잎꽂이",0°C,가는 뿌리,"<i>Graptopetalum mendozae</i>, 돌나물과",관목형,겨울에 번식이 어려움,약 한 달 주기로 물을 줌<br />겨울철에는 잎에 주름이 생기면 줌
45,발코니 창측까지 이용 가능함,수목형으로 성장하는 소형종. 기다란 잎들이 줄기를<br />따라 로제트로 성장하는 모습으로 기부에서 자구를<br />만들며 풍성하게 군생,"돌나물과의 에케베리아 속 식물들은 다육식물에서 가장인기 있는 품종이라고 해도 과언이 아닐 만큼 예쁘고 멋진 모양을 자랑한다. 대부분 꽃 모양의 잎(로제트형)을 가지고 있는데, 여러 품종과 교배종들이 많아서 구별하기 어려울 때도 있다.  원종은 주로 멕시코 고원에 넓게 자생한다. 약 100종이 넘는 원종이 있고, 최근 외국에서 교잡육종한 신품종이 다수 도입되고 있다.",그랍토베리아(Graptoveria)속 (돌나물과),204825,그랍토베리아 ‘퍼플드림’,,,,,,"봄~가을 성장 (여름생장형, 겨울에 휴면)",빠름,,,http://www.nongsaro.go.kr/cms_contents/1122/204825_MF_RIMG_01.jpg,http://www.nongsaro.go.kr/cms_contents/1122/204825_MF_RIMG_02.jpg,http://www.nongsaro.go.kr/cms_contents/1122/204825_MF_RIMG_03.jpg,강한 햇빛에서 관리<br />햇빛이 부족하면 잎 간격이 길어지고 잎 모양이 성글어짐,http://www.nongsaro.go.kr/cms_contents/1122/204825_MF_BIMG_01.jpg,http://www.nongsaro.go.kr/cms_contents/1122/204825_MF_BIMG_02.jpg,약간 돌봄,쉬움,멕시코,"봄, 여름에 줄기꽂이, 잎꽂이",0°C,가는 뿌리,"<i>Graptoveria</i> 'Purpledream' , 돌나물과",관목형,,한 달에 두 번 정도 전체적으로 흠뻑 관수<br />여름 장마철과 겨울에는 절수해야 함
46,발코니 창측까지 이용 가능함,길쭉하고 끝이 뾰족한 잎이 로제트형상으로<br />둘러나며 비교적 관리가 수월하며 왕성하게<br />단기간에 자람,"돌나물과의 에케베리아 속 식물들은 다육식물에서 가장인기 있는 품종이라고 해도 과언이 아닐 만큼 예쁘고 멋진 모양을 자랑한다. 대부분 꽃 모양의 잎(로제트형)을 가지고 있는데, 여러 품종과 교배종들이 많아서 구별하기 어려울 때도 있다.  원종은 주로 멕시코 고원에 넓게 자생한다. 약 100종이 넘는 원종이 있고, 최근 외국에서 교잡육종한 신품종이 다수 도입되고 있다.",그랍토베리아(Graptoveria)속 (돌나물과),204824,흑괴리,,,3월~8월 노란색 꽃 핌,,,"봄~가을 성장 (여름생장형, 겨울에 휴면)",빠름,,청록색의 잎이 환경에 따라 점차 검붉은색으로 물듦<br />얼룩덜룩하게 물들기 시작,http://www.nongsaro.go.kr/cms_contents/1122/204824_MF_RIMG_01.jpg,http://www.nongsaro.go.kr/cms_contents/1122/204824_MF_RIMG_02.jpg,http://www.nongsaro.go.kr/cms_contents/1122/204824_MF_RIMG_03.jpg,,http://www.nongsaro.go.kr/cms_contents/1122/204824_MF_BIMG_01.jpg,http://www.nongsaro.go.kr/cms_contents/1122/204824_MF_BIMG_02.jpg,약간 돌봄,쉬움,멕시코,"봄과 여름에 줄기꽂이, 잎꽂이",0°C,,"<i>Graptoveria</i> 'FredIvers' , 돌나물과",직립형,,한 달에 두 번 정도 전체적으로 흠뻑 관수<br />여름 장마철과 겨울에는 절수해야 함
47,발코니 내측까지 이용 가능함<br />- 선명한 초록색으로 변함,"가늘고 긴 촘촘한 잎 표면에 은색광택이 있으며,<br />잎 끝이 가늘고 긴 털 같은 느낌의 붉은색을 띰<br />가운데 부분에서 분지하며 군생으로 자람<br />성장이 더딘 편임","돌나물과의 에케베리아 속 식물들은 다육식물에서 가장인기 있는 품종이라고 해도 과언이 아닐 만큼 예쁘고 멋진 모양을 자랑한다. 대부분 꽃 모양의 잎(로제트형)을 가지고 있는데, 여러 품종과 교배종들이 많아서 구별하기 어려울 때도 있다.  원종은 주로 멕시코 고원에 넓게 자생한다. 약 100종이 넘는 원종이 있고, 최근 외국에서 교잡육종한 신품종이 다수 도입되고 있다.",그랍토베리아(Graptoveria)속 (돌나물과),204823,그랍토베리아 ‘실버스타’,실버스타,,늦은 봄부터 여름까지 살구빛 꽃 핌,,,"봄~가을 성장 (여름생장형, 겨울에 휴면)",느림,,잎이 전체적으로 은색광택을 나타내며 잎끝이<br />붉은색을 띰,http://www.nongsaro.go.kr/cms_contents/1122/204823_MF_RIMG_01.jpg,http://www.nongsaro.go.kr/cms_contents/1122/204823_MF_RIMG_02.jpg,http://www.nongsaro.go.kr/cms_contents/1122/204823_MF_RIMG_03.jpg,,http://www.nongsaro.go.kr/cms_contents/1122/204823_MF_BIMG_01.jpg,http://www.nongsaro.go.kr/cms_contents/1122/204823_MF_BIMG_02.jpg,약간 돌봄,보통,남아프리카,"잎꽂이, 자구꽂이",0°C,가는 뿌리,"<i>Graptoveria</i> 'Silverstar' , 돌나물과",로제트형,,한 달에 두 번 정도 전체적으로 흠뻑 관수<br />여름 장마철과 겨울에는 절수해야 함
48,발코니 창측까지 이용 가능함,식물체의 지름이 10cm<br />길고 납작한 잎이 로제트를 이루며 돌려남<br />잎은 분홍색으로 가늘고 길며 도톰함,"돌나물과의 에케베리아 속 식물들은 다육식물에서 가장인기 있는 품종이라고 해도 과언이 아닐 만큼 예쁘고 멋진 모양을 자랑한다. 대부분 꽃 모양의 잎(로제트형)을 가지고 있는데, 여러 품종과 교배종들이 많아서 구별하기 어려울 때도 있다.  원종은 주로 멕시코 고원에 넓게 자생한다. 약 100종이 넘는 원종이 있고, 최근 외국에서 교잡육종한 신품종이 다수 도입되고 있다.",그랍토베리아(Graptoveria)속 (돌나물과),204822,그랍토베리아 ‘데비’,데비,,늦은 봄부터 여름까지 층층이 주황색을 띤<br />노란색의 꽃을 피움,,,"봄~가을 성장 (여름생장형, 겨울에 휴면)",보통,,"옅은 백분이 있으며, 전체적으로 분홍빛을 나타냄",http://www.nongsaro.go.kr/cms_contents/1122/204822_MF_RIMG_01.jpg,http://www.nongsaro.go.kr/cms_contents/1122/204822_MF_RIMG_02.jpg,http://www.nongsaro.go.kr/cms_contents/1122/204822_MF_RIMG_03.jpg,직사광선을 피함<br />하루 4~5시간 이상 광 요구,http://www.nongsaro.go.kr/cms_contents/1122/204822_MF_BIMG_01.jpg,http://www.nongsaro.go.kr/cms_contents/1122/204822_MF_BIMG_02.jpg,약간 돌봄,보통,멕시코,"봄과 여름에 줄기꽂이, 잎꽂이",5°C,가는 뿌리,"<i>Graptoveria</i> 'Debby' , 돌나물과","직립형, 단측지",깨끗한 화분 용토에 새로 자른 단측지를 사용하면<br />번식이 잘됨,보통 2주 주기로 전면 관수<br />여름 장마철과 겨울에는 절수함
49,발코니 창측까지 이용 가능함,식물체의 지름이 10cm 정도이며 잎이 겹쳐 남<br />더위에 강함,"돌나물과의 에케베리아 속 식물들은 다육식물에서 가장인기 있는 품종이라고 해도 과언이 아닐 만큼 예쁘고 멋진 모양을 자랑한다. 대부분 꽃 모양의 잎(로제트형)을 가지고 있는데, 여러 품종과 교배종들이 많아서 구별하기 어려울 때도 있다.  원종은 주로 멕시코 고원에 넓게 자생한다. 약 100종이 넘는 원종이 있고, 최근 외국에서 교잡육종한 신품종이 다수 도입되고 있다.",그랍토베리아(Graptoveria)속 (돌나물과),204821,백모단,백모란,,늦은 봄부터 여름(5월~7월)까지 붉은색을 띤 크림색<br />꽃이 핌,,,"봄~가을 성장 (여름생장형, 겨울에 휴면)",보통,,봄과 가을의 건조기에는 잎이 연보라색을 띰,http://www.nongsaro.go.kr/cms_contents/1122/204821_MF_RIMG_01.jpg,http://www.nongsaro.go.kr/cms_contents/1122/204821_MF_RIMG_02.jpg,http://www.nongsaro.go.kr/cms_contents/1122/204821_MF_RIMG_03.jpg,직사광선을 피함<br />하루 4~5시간 이상 햇빛을 보게 함,http://www.nongsaro.go.kr/cms_contents/1122/204821_MF_BIMG_01.jpg,http://www.nongsaro.go.kr/cms_contents/1122/204821_MF_BIMG_02.jpg,약간 돌봄,보통,일본,"봄과 여름에 줄기꽂이, 잎꽂이",0°C,가는 뿌리,"<i>Graptoveria</i> 'Titubans' , 돌나물과, 용월과 정야의 교배종","직립형, 단측지",깨끗한 화분 용토에 새로 자른 단측지를 사용하면<br />번식이 잘됨,한 달에 두 번 정도 전체적으로 흠뻑 관수<br />여름 장마철과 겨울에는 절수함
50,"발코니 내측까지 이용 가능함<br />- 보라색의 반점을 띠고, 잎이 넓어지고 커짐","줄기가 서고 잎이 둥글고 크며 분홍색을 띰<br />저온이 되면 잎에 붉은 점이 생김<br />백분으로 덮인 옥색의 잎이 로제트를 이뤄<br />모여나며, 잎 두께는 얇은 편임 줄기는<br />튼튼하게 목질화되어 성장하며, 줄기부터 자구를 만듦","돌나물과의 에케베리아 속 식물들은 다육식물에서 가장인기 있는 품종이라고 해도 과언이 아닐 만큼 예쁘고 멋진 모양을 자랑한다. 대부분 꽃 모양의 잎(로제트형)을 가지고 있는데, 여러 품종과 교배종들이 많아서 구별하기 어려울 때도 있다.  원종은 주로 멕시코 고원에 넓게 자생한다. 약 100종이 넘는 원종이 있고, 최근 외국에서 교잡육종한 신품종이 다수 도입되고 있다.",그랍토베리아(Graptoveria)속 (돌나물과),204820,연봉,,병충해에 강한 내성,늦은 봄부터 여름까지 연한 분홍색 꽃이 핌,,,"봄~가을 성장 (여름생장형, 겨울에 휴면)",보통,,붉은색의 잎이 저온에서는 푸른빛이 나는<br />붉은색으로 변함<br />빛이 충분할수록 잎 전체가 보랏빛으로 변함,http://www.nongsaro.go.kr/cms_contents/1122/204820_MF_RIMG_01.jpg,http://www.nongsaro.go.kr/cms_contents/1122/204820_MF_RIMG_02.jpg,http://www.nongsaro.go.kr/cms_contents/1122/204820_MF_RIMG_03.jpg,직사광선을 피함<br />하루 4~5시간 이상 광 요구,http://www.nongsaro.go.kr/cms_contents/1122/204820_MF_BIMG_01.jpg,http://www.nongsaro.go.kr/cms_contents/1122/204820_MF_BIMG_02.jpg,약간 돌봄,보통,멕시코,"봄과 여름에 줄기꽂이, 잎꽂이",0°C,가는 뿌리,"<i>Graptoveria</i> 'Bainesii' , 돌나물과","직립형, 단측지",깨끗한 화분 용토에 새로 자른 단측지를 사용하면<br />번식이 잘됨,성장기에는 한 달에 2회 정도 관수<br />휴면기와 겨울철에는 한 달에 1회 겉흙이 젖을<br />정도로만 관수<br />여름 장마철에는 관수를 중단
51,발코니 창측까지 이용 가능함,,"돌나물과의 에케베리아 속 식물들은 다육식물에서 가장인기 있는 품종이라고 해도 과언이 아닐 만큼 예쁘고 멋진 모양을 자랑한다. 대부분 꽃 모양의 잎(로제트형)을 가지고 있는데, 여러 품종과 교배종들이 많아서 구별하기 어려울 때도 있다.  원종은 주로 멕시코 고원에 넓게 자생한다. 약 100종이 넘는 원종이 있고, 최근 외국에서 교잡육종한 신품종이 다수 도입되고 있다.",에케베리아(Echeveria)속 (돌나물과),204819,에케베리아 ‘탱고’,,,겨울~늦은 봄 주황색 계열의 종 모양 꽃이 핌,,5~30°C,"봄~가을 성장 (여름생장형, 겨울에 휴면)",보통,,햇빛을 많이 받으면 분홍색으로 물듦,http://www.nongsaro.go.kr/cms_contents/1122/204819_MF_RIMG_01.jpg,http://www.nongsaro.go.kr/cms_contents/1122/204819_MF_RIMG_02.jpg,http://www.nongsaro.go.kr/cms_contents/1122/204819_MF_RIMG_03.jpg,햇빛과 통풍이 좋은 곳에서 기름,http://www.nongsaro.go.kr/cms_contents/1122/204819_MF_BIMG_01.jpg,http://www.nongsaro.go.kr/cms_contents/1122/204819_MF_BIMG_02.jpg,필요함,어려움,"멕시코, 오클랜드, 캘리포니아","잎꽂이, 자구꽂이",0°C,가는 뿌리,"<i>Echeveria</i> sp. 톱시터비의 교배품종, 돌나물과",로제트형,,봄과 여름에는 충분히 관수하고 겨울철에는<br />관수량을 줄이거나 절수 배수가 잘 되어야 함
52,,"더위에 약함<br />로제트로 군생하며 로제트의 직경은 15cm<br />잎의 길이 5~7cm, 너비 2~3cm","돌나물과의 에케베리아 속 식물들은 다육식물에서 가장인기 있는 품종이라고 해도 과언이 아닐 만큼 예쁘고 멋진 모양을 자랑한다. 대부분 꽃 모양의 잎(로제트형)을 가지고 있는데, 여러 품종과 교배종들이 많아서 구별하기 어려울 때도 있다.  원종은 주로 멕시코 고원에 넓게 자생한다. 약 100종이 넘는 원종이 있고, 최근 외국에서 교잡육종한 신품종이 다수 도입되고 있다.",에케베리아(Echeveria)속 (돌나물과),204818,에케베리아 ‘블루에뜨’,,,봄~여름 사이 12cm의 꽃대에 붉은색 꽃이 핌,,,"봄~가을 성장 (여름생장형, 겨울에 휴면)",빠름,,,,,,밝은 그늘에서 키움,http://www.nongsaro.go.kr/cms_contents/1122/204818_MF_BIMG_01.jpg,,약간 돌봄,쉬움,멕시코,파종<br />종자는 21°C에서 10~18일이 지나면 발아하고<br />발아 2달이 지난 후 이식,0°C,가는 뿌리,"<i>Echeveria peacockckii</i> 'Bluete' , 돌나물과",로제트형,,봄과 여름에는 충분히 관수하고 겨울철에는<br />관수량을 줄임<br />배수가 잘 되야 함
53,,,"돌나물과의 에케베리아 속 식물들은 다육식물에서 가장인기 있는 품종이라고 해도 과언이 아닐 만큼 예쁘고 멋진 모양을 자랑한다. 대부분 꽃 모양의 잎(로제트형)을 가지고 있는데, 여러 품종과 교배종들이 많아서 구별하기 어려울 때도 있다.  원종은 주로 멕시코 고원에 넓게 자생한다. 약 100종이 넘는 원종이 있고, 최근 외국에서 교잡육종한 신품종이 다수 도입되고 있다.",에케베리아(Echeveria)속 (돌나물과),204817,에케베리아 ‘미니캐슬’,미니캐슬,고온다습한 환경에서 충해의 피해가 큼,,,5~30°C,"봄~가을 성장 (여름생장형, 겨울에 휴면)",보통,,햇빛을 많이 받으면 잎 끝이 분홍색으로 물듦,http://www.nongsaro.go.kr/cms_contents/1122/204817_MF_RIMG_01.jpg,http://www.nongsaro.go.kr/cms_contents/1122/204817_MF_RIMG_02.jpg,http://www.nongsaro.go.kr/cms_contents/1122/204817_MF_RIMG_03.jpg,햇빛과 통풍이 좋은 곳에서 기름,http://www.nongsaro.go.kr/cms_contents/1122/204817_MF_BIMG_01.jpg,,필요함,보통,멕시코,"잎꽂이, 자구꽂이",0°C,가는 뿌리,"<i>Echeveria</i> 'Mini Castle' , 돌나물과",로제트형,,봄과 여름에는 충분히 관수하고 겨울철에는<br />관수량을 줄임<br />배수가 잘 되어야 함
54,발코니 내측까지 이용 가능함<br />- 잎이 아래를 향해 벌어져 땅가에 붙어 자라는 듯 보임,,"돌나물과의 에케베리아 속 식물들은 다육식물에서 가장인기 있는 품종이라고 해도 과언이 아닐 만큼 예쁘고 멋진 모양을 자랑한다. 대부분 꽃 모양의 잎(로제트형)을 가지고 있는데, 여러 품종과 교배종들이 많아서 구별하기 어려울 때도 있다.  원종은 주로 멕시코 고원에 넓게 자생한다. 약 100종이 넘는 원종이 있고, 최근 외국에서 교잡육종한 신품종이 다수 도입되고 있다.",에케베리아(Echeveria)속 (돌나물과),204816,에케베리아 톨루센시스,트리멘시스,,,,5~30°C,"봄~가을 성장 (여름생장형, 겨울에 휴면)",보통,,햇빛을 많이 받으면 잎 끝이 분홍색으로 물듦,http://www.nongsaro.go.kr/cms_contents/1122/204816_MF_RIMG_01.jpg,http://www.nongsaro.go.kr/cms_contents/1122/204816_MF_RIMG_02.jpg,http://www.nongsaro.go.kr/cms_contents/1122/204816_MF_RIMG_03.jpg,햇빛과 통풍이 좋은 곳에서 기름,http://www.nongsaro.go.kr/cms_contents/1122/204816_MF_BIMG_01.jpg,http://www.nongsaro.go.kr/cms_contents/1122/204816_MF_BIMG_02.jpg,약간 돌봄,보통,멕시코,"잎꽂이, 자구꽂이",0°C,가는 뿌리,"<i>Echeveria tolucensis</i>, 돌나물과",로제트형,,봄과 여름에는 충분히 관수하고 겨울철에는<br />관수량을 줄임<br />배수가 잘 되어야 함
55,발코니 창측까지 이용 가능함,,"돌나물과의 에케베리아 속 식물들은 다육식물에서 가장인기 있는 품종이라고 해도 과언이 아닐 만큼 예쁘고 멋진 모양을 자랑한다. 대부분 꽃 모양의 잎(로제트형)을 가지고 있는데, 여러 품종과 교배종들이 많아서 구별하기 어려울 때도 있다.  원종은 주로 멕시코 고원에 넓게 자생한다. 약 100종이 넘는 원종이 있고, 최근 외국에서 교잡육종한 신품종이 다수 도입되고 있다.",에케베리아(Echeveria)속 (돌나물과),204815,에케베리아 ‘데저스스타’,,고온다습한 환경에서 충해의 피해가 큼,,,,"봄~가을 성장 (여름생장형, 겨울에 휴면)",보통,,햇빛을 많이 받으면 잎 가장자리에 분홍색 물듦,http://www.nongsaro.go.kr/cms_contents/1122/204815_MF_RIMG_01.jpg,http://www.nongsaro.go.kr/cms_contents/1122/204815_MF_RIMG_02.jpg,http://www.nongsaro.go.kr/cms_contents/1122/204815_MF_RIMG_03.jpg,햇빛과 통풍이 좋은 곳에서 기름,http://www.nongsaro.go.kr/cms_contents/1122/204815_MF_BIMG_01.jpg,,필요함,보통,멕시코,"잎꽂이, 자구꽂이",0°C,가는 뿌리,"<i>Echeveria</i> 'Desert Star' , 돌나물과",로제트형,,"봄과 여름에는 충분히 관수하고, 겨울철에는<br />관수량을 줄임<br />배수가 잘 되어야 함"
56,발코니 창측까지 이용 가능함,"홍사의 개량종이며, 강하게 키우면 잎 중앙에 돌기가 생김<br />잎은 홍사보다 진한 자주색을 띰<br />로제트의 직경 12cm","돌나물과의 에케베리아 속 식물들은 다육식물에서 가장인기 있는 품종이라고 해도 과언이 아닐 만큼 예쁘고 멋진 모양을 자랑한다. 대부분 꽃 모양의 잎(로제트형)을 가지고 있는데, 여러 품종과 교배종들이 많아서 구별하기 어려울 때도 있다.  원종은 주로 멕시코 고원에 넓게 자생한다. 약 100종이 넘는 원종이 있고, 최근 외국에서 교잡육종한 신품종이 다수 도입되고 있다.",에케베리아(Echeveria)속 (돌나물과),204814,환엽홍사,,,"봄~여름 밑부분은 분홍색, 끝부분은 흰색인 꽃이 핌",,,"봄~가을 성장 (여름생장형, 겨울에 휴면)",느림,,"봄, 가을에 짙은 보라색으로 물듦",http://www.nongsaro.go.kr/cms_contents/1122/204814_MF_RIMG_01.jpg,http://www.nongsaro.go.kr/cms_contents/1122/204814_MF_RIMG_02.jpg,http://www.nongsaro.go.kr/cms_contents/1122/204814_MF_RIMG_03.jpg,햇빛과 통풍이 좋은 곳에서 기름,http://www.nongsaro.go.kr/cms_contents/1122/204814_MF_BIMG_01.jpg,http://www.nongsaro.go.kr/cms_contents/1122/204814_MF_BIMG_02.jpg,필요함,어려움,멕시코,"잎꽂이, 자구꽂이",5°C,가는 뿌리,"<i>Echeveria nodulosa</i> 'Maruba Benithukasa' , 돌나물과",로제트형,,"봄과 여름에는 충분히 관수하고, 겨울철에는<br />관수량을 줄임<br />배수가 잘 되어야 함"
57,발코니 내측까지 이용 가능함<br />- 잎이 꽃잎처럼 전개됨,잎모양이 말려놓은 장미같은 로제트를 이루며 잎에<br />은회색의 백분이 있음,"돌나물과의 에케베리아 속 식물들은 다육식물에서 가장인기 있는 품종이라고 해도 과언이 아닐 만큼 예쁘고 멋진 모양을 자랑한다. 대부분 꽃 모양의 잎(로제트형)을 가지고 있는데, 여러 품종과 교배종들이 많아서 구별하기 어려울 때도 있다.  원종은 주로 멕시코 고원에 넓게 자생한다. 약 100종이 넘는 원종이 있고, 최근 외국에서 교잡육종한 신품종이 다수 도입되고 있다.",에케베리아(Echeveria)속 (돌나물과),204813,에케베리아 ‘릴리시아나’,"릴리시나, 릴리시아, 릴리시아나",,겨울부터 늦은 봄까지 주황색 계열 종 모양의 꽃이 핌,,5~30°C,"봄~가을 성장 (여름생장형, 겨울에 휴면)",보통,,햇빛을 많이 받으면 분홍색으로 물듦,http://www.nongsaro.go.kr/cms_contents/1122/204813_MF_RIMG_01.jpg,http://www.nongsaro.go.kr/cms_contents/1122/204813_MF_RIMG_02.jpg,http://www.nongsaro.go.kr/cms_contents/1122/204813_MF_RIMG_03.jpg,햇빛과 통풍이 좋은 곳에서 기름<br />강한 빛을 받을 수록 더 짱짱하게 자람,http://www.nongsaro.go.kr/cms_contents/1122/204813_MF_BIMG_01.jpg,http://www.nongsaro.go.kr/cms_contents/1122/204813_MF_BIMG_02.jpg,약간 돌봄,보통,"멕시코, 오클랜드, 캘리포니아","잎꽂이, 자구꽂이",0°C,가는 뿌리,"<i>Echeveria</i> 'Liliciana' , 돌나물과",로제트형,,한 달에 두 번 정도 흠뻑 전면 관수<br />여름 장마철과 겨울에는 관수량을 줄여줌
58,발코니 창측까지 이용 가능함<br />- 로제트형에서 직립형으로 자람,"식물체의 지름이 10cm이고, 잎이 얇고 길며<br />분홍색으로 물듦","돌나물과의 에케베리아 속 식물들은 다육식물에서 가장인기 있는 품종이라고 해도 과언이 아닐 만큼 예쁘고 멋진 모양을 자랑한다. 대부분 꽃 모양의 잎(로제트형)을 가지고 있는데, 여러 품종과 교배종들이 많아서 구별하기 어려울 때도 있다.  원종은 주로 멕시코 고원에 넓게 자생한다. 약 100종이 넘는 원종이 있고, 최근 외국에서 교잡육종한 신품종이 다수 도입되고 있다.",에케베리아(Echeveria)속 (돌나물과),204812,조몽,아침의 꿈,,,,,"봄~가을 성장 (여름생장형, 겨울에 휴면)",보통,,빛을 충분히 받으면 분홍색으로 물듦,http://www.nongsaro.go.kr/cms_contents/1122/204812_MF_RIMG_01.jpg,http://www.nongsaro.go.kr/cms_contents/1122/204812_MF_RIMG_02.jpg,http://www.nongsaro.go.kr/cms_contents/1122/204812_MF_RIMG_03.jpg,로제트형에서 직립형으로 자람,http://www.nongsaro.go.kr/cms_contents/1122/204812_MF_BIMG_01.jpg,,약간 돌봄,보통,멕시코,잎꽂이,5°C,,"<i>Echeveria wardii</i>, 돌나물과",군생형,,더위에 약하므로 여름철에는 적게 관수함
59,발코니 내측까지 이용 가능함<br />- 형태의 변화는 크지 않으나 잎의 색은 창측과<br />달리 연한 녹색 빛을 띰,"멕시코, 미국남부에 분포하며 하단부 줄기는 60cm<br />까지 자라고 가지가 발달<br />70cm까지 자라는 꽃대에 총상꽃차례로 개화<br />spectabilis는 “remarkable”의 뜻이 있으며 식물이<br />크고 화려한 꽃이 피는데서 유래","돌나물과의 에케베리아 속 식물들은 다육식물에서 가장인기 있는 품종이라고 해도 과언이 아닐 만큼 예쁘고 멋진 모양을 자랑한다. 대부분 꽃 모양의 잎(로제트형)을 가지고 있는데, 여러 품종과 교배종들이 많아서 구별하기 어려울 때도 있다.  원종은 주로 멕시코 고원에 넓게 자생한다. 약 100종이 넘는 원종이 있고, 최근 외국에서 교잡육종한 신품종이 다수 도입되고 있다.",에케베리아(Echeveria)속 (돌나물과),204811,구미리,숲의 요정,,,,5~30°C,"봄~가을 성장 (여름생장형, 겨울에 휴면)",빠름,,전체적으로 붉은 빛,http://www.nongsaro.go.kr/cms_contents/1122/204811_MF_RIMG_01.jpg,http://www.nongsaro.go.kr/cms_contents/1122/204811_MF_RIMG_02.jpg,http://www.nongsaro.go.kr/cms_contents/1122/204811_MF_RIMG_03.jpg,"양지, 반음지",http://www.nongsaro.go.kr/cms_contents/1122/204811_MF_BIMG_01.jpg,http://www.nongsaro.go.kr/cms_contents/1122/204811_MF_BIMG_02.jpg,약간 돌봄,보통,멕시코,"종자번식, 잎꽂이, 줄기꽂이",0°C,가는 뿌리,"<i>Echeveria spectabilis</i> 'KUMENOSATO' , 돌나물과",관목형,,건조하게 관리
60,발코니 창측까지 이용 가능함,"높이 60cm, 줄기직경 1.5cm, 낙엽성의 잎을 가짐<br />몸체와 잎은 납회색이며 마디에서 곁가지가 형성됨<br />로제트 모양이며, 잎 가장자리가 붉음<br />분지가 잘 되며 키우기 쉬움","돌나물과의 에케베리아 속 식물들은 다육식물에서 가장인기 있는 품종이라고 해도 과언이 아닐 만큼 예쁘고 멋진 모양을 자랑한다. 대부분 꽃 모양의 잎(로제트형)을 가지고 있는데, 여러 품종과 교배종들이 많아서 구별하기 어려울 때도 있다.  원종은 주로 멕시코 고원에 넓게 자생한다. 약 100종이 넘는 원종이 있고, 최근 외국에서 교잡육종한 신품종이 다수 도입되고 있다.",에케베리아(Echeveria)속 (돌나물과),204810,에케베리아 ‘글라우카’,"칠복수, 글라우카, 후커리",,"늦은 봄부터 여름(4~6월)사이에 바깥은 분홍색,<br />안쪽은 노란색 꽃이 핌",,16~30°C,"가을~봄 성장 (겨울생장형, 여름에 휴면)",빠름,주의,납회색의 잎이 가을이 되면 분홍색으로 물듦,http://www.nongsaro.go.kr/cms_contents/1122/204810_MF_RIMG_01.jpg,http://www.nongsaro.go.kr/cms_contents/1122/204810_MF_RIMG_02.jpg,http://www.nongsaro.go.kr/cms_contents/1122/204810_MF_RIMG_03.jpg,"직사광선, 강한 햇빛을 봐야 웃자라지 않음",http://www.nongsaro.go.kr/cms_contents/1122/204810_MF_BIMG_01.jpg,http://www.nongsaro.go.kr/cms_contents/1122/204810_MF_BIMG_02.jpg,잘 견딤,쉬움,"남아프리카, 모로코","자구꽂이, 잎꽂이",3~7°C,,"<i>Echeveria secunda</i> 'Glauca' , 돌나물과",로제트형,저온에서도 잘 견딤,매우 건조하게 관리<br />건조하게 키우지 않으면 마디가 부러지는 습성이 있음<br />휴면기에는 절수함
61,발코니 창측까지 이용 가능함,식물체의 지름이 10cm정도이고 잎의 바깥쪽이<br />안으로 굽어짐,"돌나물과의 에케베리아 속 식물들은 다육식물에서 가장인기 있는 품종이라고 해도 과언이 아닐 만큼 예쁘고 멋진 모양을 자랑한다. 대부분 꽃 모양의 잎(로제트형)을 가지고 있는데, 여러 품종과 교배종들이 많아서 구별하기 어려울 때도 있다.  원종은 주로 멕시코 고원에 넓게 자생한다. 약 100종이 넘는 원종이 있고, 최근 외국에서 교잡육종한 신품종이 다수 도입되고 있다.",에케베리아(Echeveria)속 (돌나물과),204809,에케베리아 ‘톱시터비’,"특엽옥접, 톱시터비",,"봄부터 가을 사이 주황, 살구, 분홍색 등의 꽃이 핌",,,"봄~가을 성장 (여름생장형, 겨울에 휴면)",보통,,빛을 충분히 받으면 회녹색 잎의 끝이 붉게 물듦,http://www.nongsaro.go.kr/cms_contents/1122/204809_MF_RIMG_01.jpg,http://www.nongsaro.go.kr/cms_contents/1122/204809_MF_RIMG_02.jpg,http://www.nongsaro.go.kr/cms_contents/1122/204809_MF_RIMG_03.jpg,햇빛과 통풍이 잘되는 곳에서 기름<br />강한 햇빛을 받을 수록 더 튼실해짐,http://www.nongsaro.go.kr/cms_contents/1122/204809_MF_BIMG_01.jpg,http://www.nongsaro.go.kr/cms_contents/1122/204809_MF_BIMG_02.jpg,필요함,보통,멕시코,"잎꽂이, 자구꽂이",5°C,,"<i>Echeveria runyonii</i> 'Topsy Turvy' , 돌나물과",로제트형,잎면이 백분으로 형성되어 있어 관수 후 잎에<br />물방울이 남아 있을 경우 잎이 햇빛에 타므로 주의,"봄과 여름에는 충분히 관수하고 겨울철에는<br />관수량을 줄임, 배수가 잘 되어야 함"
62,발코니 창측까지 이용 가능함,"소형종으로 식물체의 지름이 10cm정도<br />잎이 넓고 촘촘하며 갈색무늬가 선명함<br />보통 단구로 자람, 건조에 강하고 햇빛을 좋아함","돌나물과의 에케베리아 속 식물들은 다육식물에서 가장인기 있는 품종이라고 해도 과언이 아닐 만큼 예쁘고 멋진 모양을 자랑한다. 대부분 꽃 모양의 잎(로제트형)을 가지고 있는데, 여러 품종과 교배종들이 많아서 구별하기 어려울 때도 있다.  원종은 주로 멕시코 고원에 넓게 자생한다. 약 100종이 넘는 원종이 있고, 최근 외국에서 교잡육종한 신품종이 다수 도입되고 있다.",에케베리아(Echeveria)속 (돌나물과),204808,대화금,,,"늦은 봄부터 여름 사이에 밑부분은 붉은색,<br />끝부분은 노랑색 종 모양의 꽃이 핌",,,"봄~가을 성장 (여름생장형, 겨울에 휴면)",느림,,잎 뒷면 연한 붉은색,http://www.nongsaro.go.kr/cms_contents/1122/204808_MF_RIMG_01.jpg,http://www.nongsaro.go.kr/cms_contents/1122/204808_MF_RIMG_02.jpg,http://www.nongsaro.go.kr/cms_contents/1122/204808_MF_RIMG_03.jpg,반그늘,http://www.nongsaro.go.kr/cms_contents/1122/204808_MF_BIMG_01.jpg,http://www.nongsaro.go.kr/cms_contents/1122/204808_MF_BIMG_02.jpg,필요함,어려움,멕시코,"잎꽂이, 자구꽂이, 종자번식",5°C,가는 뿌리,"<i>Echeveria purpusorum</i>, 돌나물과",로제트형,,한 달에 두 번 정도 전체적으로 흠뻑 관수<br />여름 장마철과 겨울에는 절수해야 함
63,발코니 창측까지 이용 가능함,줄기가 없으며 식물체의 지름이 8~10cm 정도<br />작은 잎이 촘촘하게 많이 나며 잎 뒷면이 붉게 물듦<br />더위에 강함,"돌나물과의 에케베리아 속 식물들은 다육식물에서 가장인기 있는 품종이라고 해도 과언이 아닐 만큼 예쁘고 멋진 모양을 자랑한다. 대부분 꽃 모양의 잎(로제트형)을 가지고 있는데, 여러 품종과 교배종들이 많아서 구별하기 어려울 때도 있다.  원종은 주로 멕시코 고원에 넓게 자생한다. 약 100종이 넘는 원종이 있고, 최근 외국에서 교잡육종한 신품종이 다수 도입되고 있다.",에케베리아(Echeveria)속 (돌나물과),204807,에케베리아 푸미라,푸미라,,늦은 봄부터 여름 사이에 밑부분은 붉은색<br />끝부분은 노랑색인 종 모양 꽃이 핌,,5~30°C,"봄~가을 성장 (여름생장형, 겨울에 휴면)",느림,,빛을 충분히 받으면 잎 뒷면이 붉게 물듦,http://www.nongsaro.go.kr/cms_contents/1122/204807_MF_RIMG_01.jpg,http://www.nongsaro.go.kr/cms_contents/1122/204807_MF_RIMG_02.jpg,http://www.nongsaro.go.kr/cms_contents/1122/204807_MF_RIMG_03.jpg,"강한 광을 좋아하고, 강한 햇빛을 받을 수록 더 짱짱해짐",http://www.nongsaro.go.kr/cms_contents/1122/204807_MF_BIMG_01.jpg,http://www.nongsaro.go.kr/cms_contents/1122/204807_MF_BIMG_02.jpg,필요함,어려움,멕시코,"잎꽂이, 자구꽂이",0°C,,"<i>Echeveria pumila</i>, 돌나물과",로제트형,,"봄과 여름에는 충분히 관수하고 겨울철에는<br />관수량을 줄이거나 절수, 배수가 잘 되야 함"
64,발코니 창측까지 이용 가능함,길고 두터운 녹색의 잎은 백색의 융모로 뒤덮힘<br />모체는 작은 저목형으로 분지성임<br />로제트의 잎 직경은 8cm<br />줄기 끝은 어두운 주황색의 잔 털이 남,"돌나물과의 에케베리아 속 식물들은 다육식물에서 가장인기 있는 품종이라고 해도 과언이 아닐 만큼 예쁘고 멋진 모양을 자랑한다. 대부분 꽃 모양의 잎(로제트형)을 가지고 있는데, 여러 품종과 교배종들이 많아서 구별하기 어려울 때도 있다.  원종은 주로 멕시코 고원에 넓게 자생한다. 약 100종이 넘는 원종이 있고, 최근 외국에서 교잡육종한 신품종이 다수 도입되고 있다.",에케베리아(Echeveria)속 (돌나물과),204806,금황성,,,2월 경에 종 모양의 주황색 꽃이 핌,거의 필요 없음,15~30°C,"봄~가을 성장 (여름생장형, 겨울에 휴면)",보통,,백색 융모가 있는 녹색 잎은 봄철 잎끝이 짙은<br />적색으로 물듦,http://www.nongsaro.go.kr/cms_contents/1122/204806_MF_RIMG_01.jpg,http://www.nongsaro.go.kr/cms_contents/1122/204806_MF_RIMG_02.jpg,http://www.nongsaro.go.kr/cms_contents/1122/204806_MF_RIMG_03.jpg,반그늘이나 양지바른 곳에서 키움,http://www.nongsaro.go.kr/cms_contents/1122/204806_MF_BIMG_01.jpg,http://www.nongsaro.go.kr/cms_contents/1122/204806_MF_BIMG_02.jpg,약간 돌봄,보통,"멕시코, 페루","잎꽂이, 줄기꽂이",5°C,가는 뿌리,"<i>Echeveria pulvinata</i>, 돌나물과",로제트형,,"봄과 여름에는 충분히 관수하고 겨울철에는<br />관수량을 줄임, 배수가 잘 되야 함"
65,발코니 창측까지 이용 가능함,잎이 둥그스름하며 줄기가 서고 보라색으로 물듦,"돌나물과의 에케베리아 속 식물들은 다육식물에서 가장인기 있는 품종이라고 해도 과언이 아닐 만큼 예쁘고 멋진 모양을 자랑한다. 대부분 꽃 모양의 잎(로제트형)을 가지고 있는데, 여러 품종과 교배종들이 많아서 구별하기 어려울 때도 있다.  원종은 주로 멕시코 고원에 넓게 자생한다. 약 100종이 넘는 원종이 있고, 최근 외국에서 교잡육종한 신품종이 다수 도입되고 있다.",에케베리아(Echeveria)속 (돌나물과),204805,라일락,,,늦은 봄부터 여름까지 연한 노란색 꽃이 핌,,,"봄~가을 성장 (여름생장형, 겨울에 휴면)",보통,,충분한 빛을 받으면 연보라색으로 물듦,http://www.nongsaro.go.kr/cms_contents/1122/204805_MF_RIMG_01.jpg,http://www.nongsaro.go.kr/cms_contents/1122/204805_MF_RIMG_02.jpg,http://www.nongsaro.go.kr/cms_contents/1122/204805_MF_RIMG_03.jpg,일광이 부족할 경우 잎이 빛을 받기 위해 도장하여<br />휘어지므로 주의,http://www.nongsaro.go.kr/cms_contents/1122/204805_MF_BIMG_01.jpg,,약간 돌봄,보통,멕시코,"잎꽂이, 자구꽂이",5°C,가는 뿌리,"<i>Echeveria</i> 'Perle's Pride' , 돌나물과",로제트형,,한 달에 두 번 충분히 관수
66,,"식물체의 지름이 10cm정도의 로제트형<br />잎의 길이는 5~7cm, 폭 2~3cm로, 안으로 오목함<br />줄기가 곧고 강함<br />기부에서 군생","돌나물과의 에케베리아 속 식물들은 다육식물에서 가장인기 있는 품종이라고 해도 과언이 아닐 만큼 예쁘고 멋진 모양을 자랑한다. 대부분 꽃 모양의 잎(로제트형)을 가지고 있는데, 여러 품종과 교배종들이 많아서 구별하기 어려울 때도 있다.  원종은 주로 멕시코 고원에 넓게 자생한다. 약 100종이 넘는 원종이 있고, 최근 외국에서 교잡육종한 신품종이 다수 도입되고 있다.",에케베리아(Echeveria)속 (돌나물과),204804,양로,,,봄부터 여름까지 10~15cm의 꽃대가 올라와 적색 꽃 핌,,,"봄~가을 성장 (여름생장형, 겨울에 휴면)",보통,,충분한 빛을 받으면 분홍빛이 도는 은청색으로 물듦,http://www.nongsaro.go.kr/cms_contents/1122/204804_MF_RIMG_01.jpg,http://www.nongsaro.go.kr/cms_contents/1122/204804_MF_RIMG_02.jpg,http://www.nongsaro.go.kr/cms_contents/1122/204804_MF_RIMG_03.jpg,"양지, 반음지, 강한 직사광선을 피함",http://www.nongsaro.go.kr/cms_contents/1122/204804_MF_BIMG_01.jpg,http://www.nongsaro.go.kr/cms_contents/1122/204804_MF_BIMG_02.jpg,약간 돌봄,보통,멕시코,잎꽂이,5°C,가는 뿌리,"<i>Echeveria subssilis</i>, 돌나물과",로제트형,,봄~여름에는 수분을 충분히 공급하고 겨울에는<br />관수하지 않음
67,발코니 창측까지 이용 가능함,,"돌나물과의 에케베리아 속 식물들은 다육식물에서 가장인기 있는 품종이라고 해도 과언이 아닐 만큼 예쁘고 멋진 모양을 자랑한다. 대부분 꽃 모양의 잎(로제트형)을 가지고 있는데, 여러 품종과 교배종들이 많아서 구별하기 어려울 때도 있다.  원종은 주로 멕시코 고원에 넓게 자생한다. 약 100종이 넘는 원종이 있고, 최근 외국에서 교잡육종한 신품종이 다수 도입되고 있다.",에케베리아(Echeveria)속 (돌나물과),204803,샤비홍,,,,,,"봄~가을 성장 (여름생장형, 겨울에 휴면)",빠름,,햇빛을 충분히 받으면 검붉은 색으로 물듦,http://www.nongsaro.go.kr/cms_contents/1122/204803_MF_RIMG_01.jpg,http://www.nongsaro.go.kr/cms_contents/1122/204803_MF_RIMG_02.jpg,http://www.nongsaro.go.kr/cms_contents/1122/204803_MF_RIMG_03.jpg,하루 4~5시간 이상 광 요구,http://www.nongsaro.go.kr/cms_contents/1122/204803_MF_BIMG_01.jpg,http://www.nongsaro.go.kr/cms_contents/1122/204803_MF_BIMG_02.jpg,필요함,어려움,,"잎꽂이, 자구꽂이",5°C,,"<i>Echeveria</i> 'Painted Frills' , 돌나물과",로제트형,,한 달에 두 번 정도 흠뻑 전면 관수<br />여름 장마철과 겨울엔 관수량을 줄임
68,발코니 창측까지 이용 가능함<br />- 잎이 커지고 아래를 향하면서 키가 커짐<br />웃자라 보이지 않음,,"돌나물과의 에케베리아 속 식물들은 다육식물에서 가장인기 있는 품종이라고 해도 과언이 아닐 만큼 예쁘고 멋진 모양을 자랑한다. 대부분 꽃 모양의 잎(로제트형)을 가지고 있는데, 여러 품종과 교배종들이 많아서 구별하기 어려울 때도 있다.  원종은 주로 멕시코 고원에 넓게 자생한다. 약 100종이 넘는 원종이 있고, 최근 외국에서 교잡육종한 신품종이 다수 도입되고 있다.",에케베리아(Echeveria)속 (돌나물과),204802,홍매화,,,,,,"봄~가을 성장 (여름생장형, 겨울에 휴면)",빠름,,"잎 뒷면, 가장자리가 붉은색으로 변함",http://www.nongsaro.go.kr/cms_contents/1122/204802_MF_RIMG_01.jpg,http://www.nongsaro.go.kr/cms_contents/1122/204802_MF_RIMG_02.jpg,http://www.nongsaro.go.kr/cms_contents/1122/204802_MF_RIMG_03.jpg,강한 빛,http://www.nongsaro.go.kr/cms_contents/1122/204802_MF_BIMG_01.jpg,http://www.nongsaro.go.kr/cms_contents/1122/204802_MF_BIMG_02.jpg,약간 돌봄,보통,일본,"잎꽂이, 자구꽂이",5°C,가는 뿌리,"<i>Echeveria multicaulis</i> 'Ginmei-Tennyo' , 돌나물과",직립형,,"한 달에 두 번 정도 흠뻑 전면 관수<br />건조하게 키워야 하고, 특히 겨울철에는 더욱<br />건조하게 키움"
69,발코니 창측까지 이용 가능함<br />- 잎이 약간 쳐짐,검붉게 물드는 로제트 형태,"돌나물과의 에케베리아 속 식물들은 다육식물에서 가장인기 있는 품종이라고 해도 과언이 아닐 만큼 예쁘고 멋진 모양을 자랑한다. 대부분 꽃 모양의 잎(로제트형)을 가지고 있는데, 여러 품종과 교배종들이 많아서 구별하기 어려울 때도 있다.  원종은 주로 멕시코 고원에 넓게 자생한다. 약 100종이 넘는 원종이 있고, 최근 외국에서 교잡육종한 신품종이 다수 도입되고 있다.",에케베리아(Echeveria)속 (돌나물과),204801,몰라코,,,초봄인 3월에 겉은 주황색이고 안은 노란 색 종<br />모양 꽃이 핌,,5~30°C,"봄~가을 성장 (여름생장형, 겨울에 휴면)",보통,,검붉은색으로 물듦,http://www.nongsaro.go.kr/cms_contents/1122/204801_MF_RIMG_01.jpg,http://www.nongsaro.go.kr/cms_contents/1122/204801_MF_RIMG_02.jpg,http://www.nongsaro.go.kr/cms_contents/1122/204801_MF_RIMG_03.jpg,충분한 광 요구,http://www.nongsaro.go.kr/cms_contents/1122/204801_MF_BIMG_01.jpg,http://www.nongsaro.go.kr/cms_contents/1122/204801_MF_BIMG_02.jpg,약간 돌봄,보통,멕시코,"잎꽂이, 자구꽂이",5°C,,"<i>Echeveria melaco</i>, 돌나물과",로제트형,성장이 더딤,"한 달에 두 번 정도 흠뻑 전면 관수, 건조하게<br />키워야 하고, 특히 겨울철에는 더욱 건조하게 키움"
70,발코니 창측까지 이용 가능함<br />- 잎이 아래로 쳐짐,,"돌나물과의 에케베리아 속 식물들은 다육식물에서 가장인기 있는 품종이라고 해도 과언이 아닐 만큼 예쁘고 멋진 모양을 자랑한다. 대부분 꽃 모양의 잎(로제트형)을 가지고 있는데, 여러 품종과 교배종들이 많아서 구별하기 어려울 때도 있다.  원종은 주로 멕시코 고원에 넓게 자생한다. 약 100종이 넘는 원종이 있고, 최근 외국에서 교잡육종한 신품종이 다수 도입되고 있다.",에케베리아(Echeveria)속 (돌나물과),204800,에케베리아 ‘라임앤칠리’,라임앤칠리,,,,,"봄~가을 성장 (여름생장형, 겨울에 휴면)",보통,,잎 끝이 연한 붉은색으로 변함,http://www.nongsaro.go.kr/cms_contents/1122/204800_MF_RIMG_01.jpg,http://www.nongsaro.go.kr/cms_contents/1122/204800_MF_RIMG_02.jpg,http://www.nongsaro.go.kr/cms_contents/1122/204800_MF_RIMG_03.jpg,충분한 광 요구,http://www.nongsaro.go.kr/cms_contents/1122/204800_MF_BIMG_01.jpg,http://www.nongsaro.go.kr/cms_contents/1122/204800_MF_BIMG_02.jpg,약간 돌봄,보통,멕시코,"잎꽂이, 자구꽂이",5°C,가는 뿌리,"<i>Echeveria</i> 'Lime & Chili' , 돌나물과",로제트형,,"한 달에 두 번 정도 흠뻑 전면 관수<br />건조하게 키워야 하고, 특히 겨울철에는 더욱<br />건조하게 키움"
71,발코니 창측까지 이용 가능함<br />- 잎이 아래로 쳐짐,라우린제의 콤팩트 한 종으로 식물체의 지름이<br />10cm정도이며 잎이 짧음<br />라우린제 보다 붉은빛이 많음<br />더위에 약함,"돌나물과의 에케베리아 속 식물들은 다육식물에서 가장인기 있는 품종이라고 해도 과언이 아닐 만큼 예쁘고 멋진 모양을 자랑한다. 대부분 꽃 모양의 잎(로제트형)을 가지고 있는데, 여러 품종과 교배종들이 많아서 구별하기 어려울 때도 있다.  원종은 주로 멕시코 고원에 넓게 자생한다. 약 100종이 넘는 원종이 있고, 최근 외국에서 교잡육종한 신품종이 다수 도입되고 있다.",에케베리아(Echeveria)속 (돌나물과),204799,먼로,,,늦은 봄부터 여름까지 안쪽은 주황색 바깥은<br />분홍색 꽃이 핌,,,"봄~가을 성장 (여름생장형, 겨울에 휴면)",보통,,빛을 받으면 잎끝이 붉게 물듦,http://www.nongsaro.go.kr/cms_contents/1122/204799_MF_RIMG_01.jpg,http://www.nongsaro.go.kr/cms_contents/1122/204799_MF_RIMG_02.jpg,http://www.nongsaro.go.kr/cms_contents/1122/204799_MF_RIMG_03.jpg,강한 빛,http://www.nongsaro.go.kr/cms_contents/1122/204799_MF_BIMG_01.jpg,,약간 돌봄,보통,멕시코,"잎꽂이, 자구꽂이",5°C,가는 뿌리,"<i>Echeveria lauii X E. lindsayana</i>, 돌나물과",로제트형,,"한 달에 두 번 정도 흠뻑 전면 관수, 건조하게<br />키워야하고, 특히 겨울철에는 더욱 건조하게 키움"
72,발코니 창측까지 이용 가능함,끝이 뾰족한 타원형의 잎이 로제트를 이룸,"돌나물과의 에케베리아 속 식물들은 다육식물에서 가장인기 있는 품종이라고 해도 과언이 아닐 만큼 예쁘고 멋진 모양을 자랑한다. 대부분 꽃 모양의 잎(로제트형)을 가지고 있는데, 여러 품종과 교배종들이 많아서 구별하기 어려울 때도 있다.  원종은 주로 멕시코 고원에 넓게 자생한다. 약 100종이 넘는 원종이 있고, 최근 외국에서 교잡육종한 신품종이 다수 도입되고 있다.",에케베리아(Echeveria)속 (돌나물과),204798,에케베리아 ‘미니벨’,"홍련, 미니벨",,9월부터 2월 사이 안쪽으로 노란색을 띠는 주황색<br />종 모양 꽃이 핌,,,"봄~가을 성장 (여름생장형, 겨울에 휴면)",빠름,,빛을 받으면 테두리부터 붉은색으로 물듦,http://www.nongsaro.go.kr/cms_contents/1122/204798_MF_RIMG_01.jpg,http://www.nongsaro.go.kr/cms_contents/1122/204798_MF_RIMG_02.jpg,http://www.nongsaro.go.kr/cms_contents/1122/204798_MF_RIMG_03.jpg,웃자라지 않기 위해 강한 빛을 받아야 함,http://www.nongsaro.go.kr/cms_contents/1122/204798_MF_BIMG_01.jpg,,잘 견딤,쉬움,멕시코,"잎꽂이, 자구꽂이",5°C,가는 뿌리,"<i>Echeveria hummel</i> 'Minibelle' , 돌나물과",관목형,,한 달에 두 번 정도 흠뻑 전면 관수
73,"발코니 내측까지 이용 가능함<br />- 형태변화는 없고, 내측에서 약간의 붉은빛 발현됨","식물체의 지름이 5~6cm정도이며, 줄기는 25cm까지<br />짙은 갈색으로 자람<br />어린줄기와 잎은 가늘고 부드러운 흰털로 덮여있음<br />잎은 긴 타원형으로 납작하며, 가장자리 중앙<br />부분에서 잎 끝으로 갈수록 붉은색이 짙어짐","돌나물과의 에케베리아 속 식물들은 다육식물에서 가장인기 있는 품종이라고 해도 과언이 아닐 만큼 예쁘고 멋진 모양을 자랑한다. 대부분 꽃 모양의 잎(로제트형)을 가지고 있는데, 여러 품종과 교배종들이 많아서 구별하기 어려울 때도 있다.  원종은 주로 멕시코 고원에 넓게 자생한다. 약 100종이 넘는 원종이 있고, 최근 외국에서 교잡육종한 신품종이 다수 도입되고 있다.",에케베리아(Echeveria)속 (돌나물과),204797,부용,"부용, 화사, 부영",,늦봄부터 여름까지 진한 홍색 꽃이 핌,,15~20°C,"봄~가을 성장 (여름생장형, 겨울에 휴면)",빠름,,밤낮의 일교차와 햇빛에 따라 잎 가장자리가<br />붉은색으로 물듦,http://www.nongsaro.go.kr/cms_contents/1122/204797_MF_RIMG_01.jpg,http://www.nongsaro.go.kr/cms_contents/1122/204797_MF_RIMG_02.jpg,http://www.nongsaro.go.kr/cms_contents/1122/204797_MF_RIMG_03.jpg,강한 빛을 받을수록 잎의 물이 잘 들며 잘 자람<br />여름철에는 반나절 그늘에서 관리,http://www.nongsaro.go.kr/cms_contents/1122/204797_MF_BIMG_01.jpg,http://www.nongsaro.go.kr/cms_contents/1122/204797_MF_BIMG_02.jpg,잘 견딤,매우 쉬움,멕시코,잎꽂이,5°C,가는 뿌리,"<i>Echeveria harmsii</i>, 돌나물과",관목형,여름에 적심하면 모체가 죽기 쉬움<br />다습하면 도장하기 쉬우므로 건조하게 관리,2주에 한 번 정도 분 흙이 마르면 흠뻑 관수
74,발코니 창측까지 이용 가능함,잎끝에 맑은 빛이 특징이며 동그란 로제트형임,"돌나물과의 에케베리아 속 식물들은 다육식물에서 가장인기 있는 품종이라고 해도 과언이 아닐 만큼 예쁘고 멋진 모양을 자랑한다. 대부분 꽃 모양의 잎(로제트형)을 가지고 있는데, 여러 품종과 교배종들이 많아서 구별하기 어려울 때도 있다.  원종은 주로 멕시코 고원에 넓게 자생한다. 약 100종이 넘는 원종이 있고, 최근 외국에서 교잡육종한 신품종이 다수 도입되고 있다.",에케베리아(Echeveria)속 (돌나물과),204796,에케베리아 ‘라즈베리아이스’,라즈베리아이스,,여름까지 안쪽으로 노란색을 띠는 분홍색 종모양 꽃이 핌,,,"봄~가을 성장 (여름생장형, 겨울에 휴면)",느림,,잎끝이 분홍색으로 물듦,http://www.nongsaro.go.kr/cms_contents/1122/204796_MF_RIMG_01.jpg,http://www.nongsaro.go.kr/cms_contents/1122/204796_MF_RIMG_02.jpg,http://www.nongsaro.go.kr/cms_contents/1122/204796_MF_RIMG_03.jpg,강한 빛을 받을수록 잎에 물이 잘 들고 잘 자람<br />여름철에는 반나절정도 그늘에서 관리,http://www.nongsaro.go.kr/cms_contents/1122/204796_MF_BIMG_01.jpg,http://www.nongsaro.go.kr/cms_contents/1122/204796_MF_BIMG_02.jpg,필요함,어려움,멕시코,"잎꽂이, 자구꽂이",5°C,가는 뿌리,"<i>Echeveria gilva</i> 'Razberry ice' , 돌나물과",로제트형,,한 달에 두 번 정도 흠뻑 전면 관수한다.
75,발코니 창측까지 이용 가능함<br />- 절간장이 길어지면서 전체적으로 키가 자라고<br />잎이 넓어지면서 원래 형태와는 완전히 달라지지만<br />관상 가치 있음,"식물체 지름이 5~8cm 정도이고, 연한 녹색의 잎은<br />솜털로 덮여 있으며 빨갛게 물듦<br />군생이 잘 됨","돌나물과의 에케베리아 속 식물들은 다육식물에서 가장인기 있는 품종이라고 해도 과언이 아닐 만큼 예쁘고 멋진 모양을 자랑한다. 대부분 꽃 모양의 잎(로제트형)을 가지고 있는데, 여러 품종과 교배종들이 많아서 구별하기 어려울 때도 있다.  원종은 주로 멕시코 고원에 넓게 자생한다. 약 100종이 넘는 원종이 있고, 최근 외국에서 교잡육종한 신품종이 다수 도입되고 있다.",에케베리아(Echeveria)속 (돌나물과),204795,에케베리아 ‘도리스테일러’,"양털장미, 도리스테일러",,4월부터 7월까지 안쪽은 노란색을 띠는 붉은색 꽃이 핌,,,"봄~가을 성장 (여름생장형, 겨울에 휴면)",빠름,,잎에 솜털이 있으며 가을철에 잎 끝이 붉게 물듦,http://www.nongsaro.go.kr/cms_contents/1122/204795_MF_RIMG_01.jpg,http://www.nongsaro.go.kr/cms_contents/1122/204795_MF_RIMG_02.jpg,http://www.nongsaro.go.kr/cms_contents/1122/204795_MF_RIMG_03.jpg,부분적인 직사광선이나 밝은 그늘이 좋음,http://www.nongsaro.go.kr/cms_contents/1122/204795_MF_BIMG_01.jpg,http://www.nongsaro.go.kr/cms_contents/1122/204795_MF_BIMG_02.jpg,약간 돌봄,쉬움,멕시코,"잎꽂이, 자구꽂이",0°C,가는 뿌리,"<i>Echeveria</i> 'Doris Taylor' , 돌나물과",군생형,,한 달에 두 번 정도 흠뻑 전면 관수<br />건조하지 않게 관리
76,발코니 내측까지 이용 가능함<br />- 잎이 조금씩 커지고 벌어지면서 전체적인 부피감이 커짐,"식물체 지름이 5cm정도이고 녹색 빛이 나는 흰색의<br />둥근잎이 촘촘히 겹쳐남<br />외줄기이며, 나중에는 줄기가 길어짐<br />로제트의 직경은 6cm 정도","돌나물과의 에케베리아 속 식물들은 다육식물에서 가장인기 있는 품종이라고 해도 과언이 아닐 만큼 예쁘고 멋진 모양을 자랑한다. 대부분 꽃 모양의 잎(로제트형)을 가지고 있는데, 여러 품종과 교배종들이 많아서 구별하기 어려울 때도 있다.  원종은 주로 멕시코 고원에 넓게 자생한다. 약 100종이 넘는 원종이 있고, 최근 외국에서 교잡육종한 신품종이 다수 도입되고 있다.",에케베리아(Echeveria)속 (돌나물과),204794,정야,,,여름에 바깥쪽은 붉고 안쪽은 노란 종 모양 꽃이 핌,,5~30°C,"가을~봄 성장 (겨울생장형, 여름에 휴면)",보통,,"연한청록색의 잎에 백분이 있으며, 빛을 충분히<br />받으면 잎 가장자리가 옅은 주황색으로 물듦",http://www.nongsaro.go.kr/cms_contents/1122/204794_MF_RIMG_01.jpg,http://www.nongsaro.go.kr/cms_contents/1122/204794_MF_RIMG_02.jpg,http://www.nongsaro.go.kr/cms_contents/1122/204794_MF_RIMG_03.jpg,충분한 광 요구,http://www.nongsaro.go.kr/cms_contents/1122/204794_MF_BIMG_01.jpg,http://www.nongsaro.go.kr/cms_contents/1122/204794_MF_BIMG_02.jpg,약간 돌봄,보통,멕시코,"잎꽂이, 자구꽂이",3°C,가는 뿌리,"<i>Echeveria</i> 'Derenbergii' , 돌나물과",군생형,물을 극히 아껴야 웃자람이 덜함,한 달에 한 번 전체적으로 관수<br />여름 장마철에 과습하지 않게 관리
77,발코니 내측까지 이용 가능함<br />- 지상부의 부피감이 커지나 웃자라지 않음,잎은 삼각형으로 백분이 있으며 기부에서 군생<br />연한 녹색의 잎이 장미처럼 서로 엇갈린 형태를 이룸,"돌나물과의 에케베리아 속 식물들은 다육식물에서 가장인기 있는 품종이라고 해도 과언이 아닐 만큼 예쁘고 멋진 모양을 자랑한다. 대부분 꽃 모양의 잎(로제트형)을 가지고 있는데, 여러 품종과 교배종들이 많아서 구별하기 어려울 때도 있다.  원종은 주로 멕시코 고원에 넓게 자생한다. 약 100종이 넘는 원종이 있고, 최근 외국에서 교잡육종한 신품종이 다수 도입되고 있다.",에케베리아(Echeveria)속 (돌나물과),204793,에케베리아 ‘펀퀸’,펀퀸,,여름부터 가을까지 주황색 꽃이 핌,,0~30°C,"봄~가을 성장 (여름생장형, 겨울에 휴면)",빠름,,잎 가장자리가 연한 붉은색으로 변함,http://www.nongsaro.go.kr/cms_contents/1122/204793_MF_RIMG_01.jpg,http://www.nongsaro.go.kr/cms_contents/1122/204793_MF_RIMG_02.jpg,http://www.nongsaro.go.kr/cms_contents/1122/204793_MF_RIMG_03.jpg,햇빛과 통풍이 좋은 곳에서 기름<br />강한 빛을 받을 수록 더 잘 자람,http://www.nongsaro.go.kr/cms_contents/1122/204793_MF_BIMG_01.jpg,http://www.nongsaro.go.kr/cms_contents/1122/204793_MF_BIMG_02.jpg,약간 돌봄,보통,일본,"잎꽂이, 자구꽂이",3°C,가는 뿌리,"<i>Echeveria</i> 'Fun Queen' , 돌나물과",군생형,,한 달에 두 번 정도 흠뻑 전면관수
78,발코니 창측까지 이용 가능함<br />- 잎이 많이 떨어져 본래의 형태와 다른 모습으로<br />변하지만 관상가치 유지함,"서늘해지면 잎 가장자리가 빨갛게 물듦<br />줄기가 서고, 작은 로제트가 됨<br />군생이 잘 됨","돌나물과의 에케베리아 속 식물들은 다육식물에서 가장인기 있는 품종이라고 해도 과언이 아닐 만큼 예쁘고 멋진 모양을 자랑한다. 대부분 꽃 모양의 잎(로제트형)을 가지고 있는데, 여러 품종과 교배종들이 많아서 구별하기 어려울 때도 있다.  원종은 주로 멕시코 고원에 넓게 자생한다. 약 100종이 넘는 원종이 있고, 최근 외국에서 교잡육종한 신품종이 다수 도입되고 있다.",에케베리아(Echeveria)속 (돌나물과),204792,홍화장,,,여름까지 밖으로는 붉은 주황색 안으로는<br />노란색의 꽃이 핌,,,"봄~가을 성장 (여름생장형, 겨울에 휴면)",빠름,,가을철 서늘해지면 잎 가장자리가 적색으로 물듦,http://www.nongsaro.go.kr/cms_contents/1122/204792_MF_RIMG_01.jpg,http://www.nongsaro.go.kr/cms_contents/1122/204792_MF_RIMG_02.jpg,http://www.nongsaro.go.kr/cms_contents/1122/204792_MF_RIMG_03.jpg,햇빛과 통풍이 좋은 곳에서 기름<br />웃자라지 않기 위해 강한 햇빛을 요구,http://www.nongsaro.go.kr/cms_contents/1122/204792_MF_BIMG_01.jpg,http://www.nongsaro.go.kr/cms_contents/1122/204792_MF_BIMG_02.jpg,약간 돌봄,쉬움,브라질,"잎꽂이, 자구꽂이",5°C,가는 뿌리,"<i>Echeveria</i> 'Victor' , 돌나물과",군생형,,한 달에 두 번 정도 흠뻑 전면 관수함
79,발코니 내측까지 이용 가능함<br />- 지상부의 부피감이 커지고 한가지 색을 띰,E. chilhuahuaensis X E. lindsayana의 교배종으로<br />라우린제보다 작고 초록색임<br />강하게 키우는 것이 좋음,"돌나물과의 에케베리아 속 식물들은 다육식물에서 가장인기 있는 품종이라고 해도 과언이 아닐 만큼 예쁘고 멋진 모양을 자랑한다. 대부분 꽃 모양의 잎(로제트형)을 가지고 있는데, 여러 품종과 교배종들이 많아서 구별하기 어려울 때도 있다.  원종은 주로 멕시코 고원에 넓게 자생한다. 약 100종이 넘는 원종이 있고, 최근 외국에서 교잡육종한 신품종이 다수 도입되고 있다.",에케베리아(Echeveria)속 (돌나물과),204791,에케베리아 ‘치와와린제’,"치와와린제, 도태랑, 모모타로",,늦은 봄부터 여름까지 주황색의 꽃 핌,,5~30°C,"봄~가을 성장 (여름생장형, 겨울에 휴면)",느림,,잎에 있는 붉은색의 가시가 빛을 충분히 받으면<br />검붉은색으로 변함,http://www.nongsaro.go.kr/cms_contents/1122/204791_MF_RIMG_01.jpg,http://www.nongsaro.go.kr/cms_contents/1122/204791_MF_RIMG_02.jpg,http://www.nongsaro.go.kr/cms_contents/1122/204791_MF_RIMG_03.jpg,햇빛과 통풍이 잘되는 곳에서 기름<br />강한 빛을 볼수록 더 짱짱하게 자람,http://www.nongsaro.go.kr/cms_contents/1122/204791_MF_BIMG_01.jpg,http://www.nongsaro.go.kr/cms_contents/1122/204791_MF_BIMG_02.jpg,약간 돌봄,어려움,멕시코,"잎꽂이, 자구꽂이",0°C,가는 뿌리,"<i>Echeveria</i> 'Chihuahualindsa' , 돌나물과",로제트형,,한 달에 두 번 정도 흠뻑 전면 관수<br />여름 장마철과 겨울에는 관수 줄임
80,발코니 창측까지 이용 가능함,,"돌나물과의 에케베리아 속 식물들은 다육식물에서 가장인기 있는 품종이라고 해도 과언이 아닐 만큼 예쁘고 멋진 모양을 자랑한다. 대부분 꽃 모양의 잎(로제트형)을 가지고 있는데, 여러 품종과 교배종들이 많아서 구별하기 어려울 때도 있다.  원종은 주로 멕시코 고원에 넓게 자생한다. 약 100종이 넘는 원종이 있고, 최근 외국에서 교잡육종한 신품종이 다수 도입되고 있다.",에케베리아(Echeveria)속 (돌나물과),204790,에케베리아 ‘크리스마스’,크리스마스,,여름에 30cm 크기의 꽃대에서 종 모양의 분홍색<br />(안쪽은 황색) 꽃이 여러개 핌,,5~30°C,"봄~가을 성장 (여름생장형, 겨울에 휴면)",보통,,"녹색의 잎이 봄, 가을이 되면 잎의 가장자리가<br />붉은색으로 물듦",http://www.nongsaro.go.kr/cms_contents/1122/204790_MF_RIMG_01.jpg,http://www.nongsaro.go.kr/cms_contents/1122/204790_MF_RIMG_02.jpg,http://www.nongsaro.go.kr/cms_contents/1122/204790_MF_RIMG_03.jpg,밝은 광선을 요구<br />여름철에는 약간의 차광이 필요,http://www.nongsaro.go.kr/cms_contents/1122/204790_MF_BIMG_01.jpg,http://www.nongsaro.go.kr/cms_contents/1122/204790_MF_BIMG_02.jpg,약간 돌봄,보통,"멕시코, 남아메리카","파종, 줄기꽂이, 잎꽂이",3°C,가는 뿌리,"<i>Echeveria agavoides</i> 'Christmas' , 돌나물과",로제트형,"봄과 여름이 성장기이므로 이 기간에 물을 충분히<br />규칙적으로 주고, 겨울동안엔 가급적 건조하게 관리",한 달에 두 번 정도 흠뻑 전면 관수
81,발코니 창측까지 이용 가능함,,"돌나물과의 에케베리아 속 식물들은 다육식물에서 가장인기 있는 품종이라고 해도 과언이 아닐 만큼 예쁘고 멋진 모양을 자랑한다. 대부분 꽃 모양의 잎(로제트형)을 가지고 있는데, 여러 품종과 교배종들이 많아서 구별하기 어려울 때도 있다.  원종은 주로 멕시코 고원에 넓게 자생한다. 약 100종이 넘는 원종이 있고, 최근 외국에서 교잡육종한 신품종이 다수 도입되고 있다.",에케베리아(Echeveria)속 (돌나물과),204789,에케베리아 ‘레이디스핑거’,레이디스핑거,,여름에 30cm 크기의 꽃대에서 종 모양의 핑크색(안쪽<br />은 황색) 꽃이 여러개 핌,,,"봄~가을 성장 (여름생장형, 겨울에 휴면)",느림,,진한 녹색의 잎 뒷면이 붉은색으로 물듦,http://www.nongsaro.go.kr/cms_contents/1122/204789_MF_RIMG_01.jpg,http://www.nongsaro.go.kr/cms_contents/1122/204789_MF_RIMG_02.jpg,http://www.nongsaro.go.kr/cms_contents/1122/204789_MF_RIMG_03.jpg,밝은 광선 요구,http://www.nongsaro.go.kr/cms_contents/1122/204789_MF_BIMG_01.jpg,http://www.nongsaro.go.kr/cms_contents/1122/204789_MF_BIMG_02.jpg,필요함,어려움,멕시코,"파종, 줄기꽂이, 잎꽂이",5°C,가는 뿌리,"<i>Echeveria agavoides</i> 'Lady's finger' , 돌나물과",로제트형,성장이 느리지만 잘 자라기 위해서는 충분한 공간 유지함,한 달에 두 번 정도 흠뻑 관수
82,발코니 창측까지 이용 가능함<br />- 잎이 아래로 쳐짐,석연화속중 가장 큰 형태로 윤기나는 밀랍 잎들이<br />로제트 형상(폭 20cm 까지 성장)을 가짐<br />다육 마니아들에 잘 알려진 식물 종명의<br />아가보이데스(agavoides)는 용설란과 아가베속<br />다육들과 유사한 형상에서 유래,"돌나물과의 에케베리아 속 식물들은 다육식물에서 가장인기 있는 품종이라고 해도 과언이 아닐 만큼 예쁘고 멋진 모양을 자랑한다. 대부분 꽃 모양의 잎(로제트형)을 가지고 있는데, 여러 품종과 교배종들이 많아서 구별하기 어려울 때도 있다.  원종은 주로 멕시코 고원에 넓게 자생한다. 약 100종이 넘는 원종이 있고, 최근 외국에서 교잡육종한 신품종이 다수 도입되고 있다.",에케베리아(Echeveria)속 (돌나물과),204788,에케베리아 ‘제이드포인트’,"가을의 창, 제이드포인트",,여름에 30cm 크기의 꽃대에서 종 모양의 붉은색(안쪽<br />은 황색) 꽃이 여러개 핌,,5~30°C,"봄~가을 성장 (여름생장형, 겨울에 휴면)",보통,,진한 녹색의 잎 뒷면이 붉은색으로 물듦,http://www.nongsaro.go.kr/cms_contents/1122/204788_MF_RIMG_01.jpg,http://www.nongsaro.go.kr/cms_contents/1122/204788_MF_RIMG_02.jpg,http://www.nongsaro.go.kr/cms_contents/1122/204788_MF_RIMG_03.jpg,밝은 광선 요구,http://www.nongsaro.go.kr/cms_contents/1122/204788_MF_BIMG_01.jpg,http://www.nongsaro.go.kr/cms_contents/1122/204788_MF_BIMG_02.jpg,약간 돌봄,보통,유럽,"파종, 줄기꽂이, 잎꽂이",0°C,가는 뿌리,"<i>Echeveria agavoides</i> 'JadePoint' , 돌나물과",로제트형,"성장이 느리지만 잘 자라기 위해서는 충분한<br />공간 확보<br />봄과 여름이 성장기이므로 이 시기에 물을<br />규칙적으로 충분히 관수, 겨울동안엔 가급적<br />건조하게 관리","봄과 여름에는 충분히 관수해 주고 겨울에는<br />거의 건조하게 관리, 배수성을 좋게 해줌"
83,발코니 내측까지 이용 가능함<br />- 선명한 초록색으로 잎이 넓어짐,식물체의 지름이 3cm 정도이고 길쭉하고 통통한<br />작은잎들이 군생하며 빛을 받는 정도에 따라<br />붉게 물드는 정도가 다름,"돌나물과의 에케베리아 속 식물들은 다육식물에서 가장인기 있는 품종이라고 해도 과언이 아닐 만큼 예쁘고 멋진 모양을 자랑한다. 대부분 꽃 모양의 잎(로제트형)을 가지고 있는데, 여러 품종과 교배종들이 많아서 구별하기 어려울 때도 있다.  원종은 주로 멕시코 고원에 넓게 자생한다. 약 100종이 넘는 원종이 있고, 최근 외국에서 교잡육종한 신품종이 다수 도입되고 있다.",에케베리아(Echeveria)속 (돌나물과),204787,핑크세도이데스,홍치아,,5월부터 6월 경에 종 모양의 주황색 꽃 핌,,,,빠름,,빛을 충분히 받으면 잎 가장자리가 선홍색으로 물듦,http://www.nongsaro.go.kr/cms_contents/1122/204787_MF_RIMG_01.jpg,http://www.nongsaro.go.kr/cms_contents/1122/204787_MF_RIMG_02.jpg,http://www.nongsaro.go.kr/cms_contents/1122/204787_MF_RIMG_03.jpg,,http://www.nongsaro.go.kr/cms_contents/1122/204787_MF_BIMG_01.jpg,http://www.nongsaro.go.kr/cms_contents/1122/204787_MF_BIMG_02.jpg,약간 돌봄,쉬움,멕시코,"잎꽂이, 줄기꽂이",5°C,가는 뿌리,"<i>Echeveria macdougallii</i>, 돌나물과",관목형,,한 달에 두 번 정도 흠뻑 관수
84,발코니 내측까지 이용 가능함<br />- 형태 그대로 유지함,"성장은 그다지 빠르지 않으나 튼튼해 기르기 쉬움<br />고온다습에 약하며, 통기성이 매우 원활한 용토에<br />심지 않으면 뿌리가 쉽게 상함<br />(높이) 10cm. 짧은 줄기 끝부분에 납작한 잎은 6~8<br />개 정도 생기며, 작은 로제트형으로 자람<br />잎은 곤봉모양으로 줄기에 붙어있는 부분이 가늘며<br />길이 3~7cm, 굵기 1~1.5cm 정도. 잎은 녹색으로 적<br />갈색의 점무늬 있음","남아프리카가 자생지인 아드로미스츄스(천장금)속은 소형의 군생종으로 자라며, 아프리카, 남서아프리카(평균온도 10°C)의 건조지대가 원산지이며, 잎과 줄기가 고도로 다육화되어 내건성이 강하다. 표피가 두꺼운 물레의 가락모양으로, 잎은 로제트형으로 자갈색의 반점이 산재한다.",아드로미스츄(Adropmischus)속 (돌나물과),204786,천장금,"천금장, 금령전","깍지벌레, 과습으로 인한 뿌리썩음병 발생 우려","(꽃대) 10~30cm, 백록색으로 길이 1cm정도",거의 필요치 않으나 봄과 가을 생장기에 액체비료를 잎에 살포,,"가을~봄 성장 (겨울생장형, 여름에 휴면)",느림,,,http://www.nongsaro.go.kr/cms_contents/1122/204786_MF_RIMG_01.jpg,http://www.nongsaro.go.kr/cms_contents/1122/204786_MF_RIMG_02.jpg,http://www.nongsaro.go.kr/cms_contents/1122/204786_MF_RIMG_03.jpg,하루 4시간 정도 강한 광선이나 반그늘<br />직사광선을 좋아하나 너무 쪼이면 성장이 더딤,http://www.nongsaro.go.kr/cms_contents/1122/204786_MF_BIMG_01.jpg,,필요함,어려움,남아프리카,"줄기꽂이, 잎꽂이, 파종",10~15 °C,가는 뿌리,"<i>Adropmischus clavifolius</i>, 돌나물과",불규칙형,,"여름과 겨울동안은 잎을 적셔 주는 정도의<br />수분이면 충분하며, 이외 성장기엔 규칙적인 관수 필요"
85,발코니 창측까지 이용 가능함<br />- 가장 끝에 있는 줄기가 가늘어지나 전반적인 형태 변화 없음,"1cm 지름의 구 모양의 잎이 덩굴상태의 가는<br />줄기에 겹쳐지면서 아래로 늘어짐<br />줄기는 가늘면서 25cm 정도 자람<br />여름철에는 차광하고, 통풍이 잘되게 함","라틴어의 senex(노인 또는 백발노인)라는 뜻에서 유래 되었다. 원산지는 세계 각처로 2,000~3,000 종이 있으며 한국에는 17종이 있다. 상품가치를 높이기 위해서는 직사광선에 쬐어 식물을 작게 만든다.",세네시오(Senecio)속 (국화과),204785,녹영,콩선인장,병충해를 별로 입지 않음,9월부터 10월경에 5cm 정도의 꽃대에 흰 꽃이 핌,,,"봄~가을 성장 (여름생장형, 겨울에 휴면)",빠름,과습하면 잎이 무름,푸른 완두콩 같은 구슬 모양의 잎,http://www.nongsaro.go.kr/cms_contents/1122/204785_MF_RIMG_01.jpg,http://www.nongsaro.go.kr/cms_contents/1122/204785_MF_RIMG_02.jpg,http://www.nongsaro.go.kr//,"한여름에는 반그늘, 이외에는 충분한 햇빛을 쬠",http://www.nongsaro.go.kr/cms_contents/1122/204785_MF_BIMG_01.jpg,http://www.nongsaro.go.kr/cms_contents/1122/204785_MF_BIMG_02.jpg,잘 견딤,매우 쉬움,서남아프리카,"줄기꽂이, 포기나누기",5~10°C,가는 뿌리,"<i>Senecio rowleyanus</i>, 국화과",포복형,"채광이 충분할수록 잎이 작고 촘촘히 맺히지만<br />하지만, 직사광선에서는 화상의 위험이 있음<br />10월 중순부터 물주는 횟수를 서서히 줄임",분 흙의 표면이 마르면 2일 정도 기다린 후 관수<br />겨울철에는 공기 중의 습도를 유지해 주는 정도로 분무
86,발코니 창측까지 이용 가능함<br />- 발코니 내측에서는 꽃대가 웃자라 지탱하지 못하고 쓰러짐,작고 짧은 잎이 로제트를 이룸<br />생육조건에 따라 여러 형태를 보임,"꽃은 늦가을에 탑을 세운 것 같은 느낌으로 백색의 작은 꽃이 이삭모양으로 달린다. 겨울동안에는 가늘고 긴 잎은 흔적을 없애고, 대신 짧고 단단한 잎을 가득 감은 로제트를 형성하고 월동한다.",바위솔(Orostachys)속 (돌나물과),204784,바위솔,와송,,흰색,,,"봄~가을 성장 (여름생장형, 겨울에 휴면)",보통,,잎 가장자리 선명한 붉은색으로 변함,http://www.nongsaro.go.kr/cms_contents/1122/204784_MF_RIMG_01.jpg,http://www.nongsaro.go.kr/cms_contents/1122/204784_MF_RIMG_02.jpg,http://www.nongsaro.go.kr/cms_contents/1122/204784_MF_RIMG_03.jpg,햇빛이 부족하면 웃자라므로 충분한 햇빛 요구,http://www.nongsaro.go.kr/cms_contents/1122/204784_MF_BIMG_01.jpg,,약간 돌봄,보통,한국,"꺾꽂이(삽목), 포기나누기(분주)",0°C,가는 뿌리,"<i>Orostachys japonica</i>, 돌나물과",군생형,,2주에 한 번 정도 흠뻑 관수
87,발코니 창측까지 이용 가능함,"교잡종이며, 길고 납작한 잎들이 촘촘히 로제트를 이루며 돌려남<br />줄기는 목질화됨",주로 북반구의 온난지에 400종 이상이 자생하고 있다. 종이 많은 만큼 형태도 다양하다. 나무처럼 곧게 자라는 품종도 있고 옆으로 기는 것처럼 자라는 세덤들도 많다. 꽃에서 향기가 나는 품종도 있다. 대부분 잎끝에서 폭죽이 터지듯 노란색이나 하얀색의 꽃을 피운다.,세데베리아(Sedeveria)속 (돌나물과),204783,세데베리아 ‘팡파레’,팡파레,,초봄에 종 모양의 옅은 노랑색 꽃이 핌,,,"봄~가을 성장 (여름생장형, 겨울에 휴면)",보통,,환경에 따라 옅은 녹색의 잎이 약간 노랑색이 도는 정도로 변함,http://www.nongsaro.go.kr/cms_contents/1122/204783_MF_RIMG_01.jpg,http://www.nongsaro.go.kr/cms_contents/1122/204783_MF_RIMG_02.jpg,http://www.nongsaro.go.kr/cms_contents/1122/204783_MF_RIMG_03.jpg,충분한 햇빛(직사광선)을 요구함,http://www.nongsaro.go.kr/cms_contents/1122/204783_MF_BIMG_01.jpg,http://www.nongsaro.go.kr/cms_contents/1122/204783_MF_BIMG_02.jpg,필요함,어려움,,잎꽂이,5°C,가는 뿌리,"<i>Sedeveria</i> 'Fanfare' , 돌나물과",로제트형,잎이 시들어 가는 과정은 목질화가 되어가는<br />과정이므로 미관상 시들은 잎을 수시로 따주며 관리함,한 달에 두 번 정도 흠뻑 관수함
88,발코니 창측까지 이용 가능함,군생이 잘 됨<br />봄~가을 까지 옥외 재배가 가능함,주로 북반구의 온난지에 400종 이상이 자생하고 있다. 종이 많은 만큼 형태도 다양하다. 나무처럼 곧게 자라는 품종도 있고 옆으로 기는 것처럼 자라는 세덤들도 많다. 꽃에서 향기가 나는 품종도 있다. 대부분 잎끝에서 폭죽이 터지듯 노란색이나 하얀색의 꽃을 피운다.,세데베리아(Sedeveria)속 (돌나물과),204782,세데베리아 ‘레티지아’,"레티지아, 잽",,봄부터 여름까지 흰색과 분홍색의 꽃이 핌,,5~30°C,"봄 ~가을 성장 (여름생장형, 겨울에 휴면)",보통,여름 고온기 화상과 무름병 주의,연녹색의 잎이 가을 햇빛을 받으면 붉은색으로 물듦,http://www.nongsaro.go.kr/cms_contents/1122/204782_MF_RIMG_01.jpg,http://www.nongsaro.go.kr/cms_contents/1122/204782_MF_RIMG_02.jpg,http://www.nongsaro.go.kr/cms_contents/1122/204782_MF_RIMG_03.jpg,충분한 햇빛을 요구함(여름철 반그늘에서 키움),http://www.nongsaro.go.kr/cms_contents/1122/204782_MF_BIMG_01.jpg,http://www.nongsaro.go.kr/cms_contents/1122/204782_MF_BIMG_02.jpg,약간 돌봄,보통,영국,"잎꽂이, 자구꽂이",5°C,가는 뿌리,"<i>Sedeveria</i> 'Letizia' , 돌나물과",군생형,,여름 장마철과 추운 겨울에는 관수를 줄임
89,,줄기에 3cm 전후의 짧은 곤봉모양의 빨간 잎이 특징<br />추위에 강함,주로 북반구의 온난지에 400종 이상이 자생하고 있다. 종이 많은 만큼 형태도 다양하다. 나무처럼 곧게 자라는 품종도 있고 옆으로 기는 것처럼 자라는 세덤들도 많다. 꽃에서 향기가 나는 품종도 있다. 대부분 잎끝에서 폭죽이 터지듯 노란색이나 하얀색의 꽃을 피운다.,세덤(Sedum)속 (돌나물과),204781,홍옥,,,6월부터 8월 사이 별모양의 황색 꽃을 피움,,,"봄~가을 성장 (여름생장형, 겨울에 휴면)",빠름,,"봄, 여름철 녹색인 잎이 가을 햇빛을 받으면 붉게 물듦",http://www.nongsaro.go.kr/cms_contents/1122/204781_MF_RIMG_01.jpg,http://www.nongsaro.go.kr/cms_contents/1122/204781_MF_RIMG_02.jpg,http://www.nongsaro.go.kr/cms_contents/1122/204781_MF_RIMG_03.jpg,충분한 광이 필요함,http://www.nongsaro.go.kr/cms_contents/1122/204781_MF_BIMG_01.jpg,http://www.nongsaro.go.kr/cms_contents/1122/204781_MF_BIMG_02.jpg,잘 견딤,매우 쉬움,멕시코,"잎꽂이, 자구꽂이",5°C,,"<i>Sedum rubrotinctum</i>, 돌나물과",포도송이형,가을에 관수를 적게 하고 강한 광선을 쬐면 붉게 물듦<br />아랫부분 시든 잎을 따줘야 위에 남은 잎들이 통통하게 자람,건조에 강하므로 가급적 잦은 물 주기를 자제함
90,,둥근 잎은 햇빛이 좋으면 끝이 등홍색으로 선명해짐,주로 북반구의 온난지에 400종 이상이 자생하고 있다. 종이 많은 만큼 형태도 다양하다. 나무처럼 곧게 자라는 품종도 있고 옆으로 기는 것처럼 자라는 세덤들도 많다. 꽃에서 향기가 나는 품종도 있다. 대부분 잎끝에서 폭죽이 터지듯 노란색이나 하얀색의 꽃을 피운다.,세덤(Sedum)속 (돌나물과),204780,을녀심,,,6월부터 8월 한여름에 노란색의 꽃을 피움,,,"봄~가을 성장(여름생장형, 겨울에 휴면)",보통,,햇빛을 잘 받으면 잎이 빨갛게 물듦,http://www.nongsaro.go.kr/cms_contents/1122/204780_MF_RIMG_01.jpg,http://www.nongsaro.go.kr/cms_contents/1122/204780_MF_RIMG_02.jpg,http://www.nongsaro.go.kr/cms_contents/1122/204780_MF_RIMG_03.jpg,강한 햇빛을 봐야 웃자람이 없음,http://www.nongsaro.go.kr/cms_contents/1122/204780_MF_BIMG_01.jpg,http://www.nongsaro.go.kr/cms_contents/1122/204780_MF_BIMG_02.jpg,약간 돌봄,어려움,멕시코,"잎꽂이, 자구꽂이, 줄기꽂이",5°C,가는 뿌리,"<i>Sedum pachyphyllum</i>, 돌나물과",관목형,,물은 분 흙이 충분히 마르면 주되 과습을 피함<br />여름철 장마철과 겨울철에는 더 건조하게 키움
91,발코니 내측까지 이용 가능함<br />- 잎의 형태와 모양을 유지함,연한 백녹색인 장원형의 잎을 가지에 촘촘히 붙임<br />자랄수록 머리 무게 때문에 줄기가 아래로 드리워<br />처지는 모습이 Hanging 디자인에 적당함,주로 북반구의 온난지에 400종 이상이 자생하고 있다. 종이 많은 만큼 형태도 다양하다. 나무처럼 곧게 자라는 품종도 있고 옆으로 기는 것처럼 자라는 세덤들도 많다. 꽃에서 향기가 나는 품종도 있다. 대부분 잎끝에서 폭죽이 터지듯 노란색이나 하얀색의 꽃을 피운다.,세덤(Sedum)속 (돌나물과),204779,옥주염,구슬얽이,,늦은 봄부터 여름 사이에 연분홍색의 꽃을 피움,,,"봄~가을 성장(여름생장형, 겨울에 휴면)",보통,여름철 고온에 약함,연한 백녹색,http://www.nongsaro.go.kr/cms_contents/1122/204779_MF_RIMG_01.jpg,http://www.nongsaro.go.kr/cms_contents/1122/204779_MF_RIMG_02.jpg,http://www.nongsaro.go.kr/cms_contents/1122/204779_MF_RIMG_03.jpg,밝은 그늘,http://www.nongsaro.go.kr/cms_contents/1122/204779_MF_BIMG_01.jpg,http://www.nongsaro.go.kr/cms_contents/1122/204779_MF_BIMG_02.jpg,약간 돌봄,보통,"멕시코, 온두라스","잎꽂이, 자구꽂이",5°C,가는 뿌리,"<i>Sedum morganianum</i>, 돌나물과",군생형,관리하기 어려운 점은 접촉하면 잎이 부서지듯이 떨어짐,여름 장마철에는 관수를 줄임
92,발코니 창측까지 이용 가능함,마주나는 잎이 촘촘하고 줄기가 길게 늘어지며 성장함,주로 북반구의 온난지에 400종 이상이 자생하고 있다. 종이 많은 만큼 형태도 다양하다. 나무처럼 곧게 자라는 품종도 있고 옆으로 기는 것처럼 자라는 세덤들도 많다. 꽃에서 향기가 나는 품종도 있다. 대부분 잎끝에서 폭죽이 터지듯 노란색이나 하얀색의 꽃을 피운다.,세덤(Sedum)속 (돌나물과),204778,황금세덤,,응애가 생기기 쉬움,봄에서 여름 사이 노란색 꽃이 핌,,,"봄~가을 성장 (여름생장형, 겨울에 휴면)",빠름,과습하면 짓무를 수 있으므로 다소 건조하게 관리함,햇빛을 받으면 연두색으로 변함,http://www.nongsaro.go.kr/cms_contents/1122/204778_MF_RIMG_01.jpg,http://www.nongsaro.go.kr/cms_contents/1122/204778_MF_RIMG_02.jpg,http://www.nongsaro.go.kr/cms_contents/1122/204778_MF_RIMG_03.jpg,빛을 못 보면 웃자람이 심함,http://www.nongsaro.go.kr/cms_contents/1122/204778_MF_BIMG_01.jpg,,잘 견딤,매우 쉬움,미국,"포기나누기, 줄기꽂이",5°C,가는 뿌리,"<i>Sedum makinoi</i>, 돌나물과",포복형,,한 달에 두 번가량 분의 흙이 젖게끔 관수함
93,발코니 창측까지 이용 가능함,송록보다 잎이 통통하고 둥근 모습으로 런너를 형성함<br />햇빛을 충분히 받으면 잎끝이 적갈색으로 물듦<br />자구를 많이 만들며 자라고 잎에서 향기가 남,주로 북반구의 온난지에 400종 이상이 자생하고 있다. 종이 많은 만큼 형태도 다양하다. 나무처럼 곧게 자라는 품종도 있고 옆으로 기는 것처럼 자라는 세덤들도 많다. 꽃에서 향기가 나는 품종도 있다. 대부분 잎끝에서 폭죽이 터지듯 노란색이나 하얀색의 꽃을 피운다.,세덤(Sedum)속 (돌나물과),204777,환엽송록,루시덤,,늦은 봄부터 여름까지 흰색의 꽃을 피움,,,"봄~가을 성장 (여름생장형, 겨울에 휴면)",빠름,더위에 약하므로 여름철에는 물을 적게 줌,햇빛을 많이 받으면 잎끝이 붉게 물듦,http://www.nongsaro.go.kr/cms_contents/1122/204777_MF_RIMG_01.jpg,http://www.nongsaro.go.kr/cms_contents/1122/204777_MF_RIMG_02.jpg,http://www.nongsaro.go.kr/cms_contents/1122/204777_MF_RIMG_03.jpg,강한 햇빛에서 키워야 웃자라지 않고 통통하고 붉게 물듦,http://www.nongsaro.go.kr/cms_contents/1122/204777_MF_BIMG_01.jpg,http://www.nongsaro.go.kr/cms_contents/1122/204777_MF_BIMG_02.jpg,약간 돌봄,보통,멕시코,"잎꽂이, 자구꽂이",5°C,가는 뿌리,"<i>Sedum lucidum</i> 'Obesum' , 돌나물과",관목형,통풍이 잘되는 곳에서 건조하게 키움,한 달에 두 번 정도 흠뻑 줌
94,발코니 창측까지 이용 가능함,"자구가 생성되어 군생으로 자람<br />봄, 가을에 붉게 물듦",주로 북반구의 온난지에 400종 이상이 자생하고 있다. 종이 많은 만큼 형태도 다양하다. 나무처럼 곧게 자라는 품종도 있고 옆으로 기는 것처럼 자라는 세덤들도 많다. 꽃에서 향기가 나는 품종도 있다. 대부분 잎끝에서 폭죽이 터지듯 노란색이나 하얀색의 꽃을 피운다.,세덤(Sedum)속 (돌나물과),204776,세덤 '리틀잼',"소옥, 리틀잼",,봄에서 여름 사이 옅은 노란색의 꽃이,,,"봄~가을 성장 (여름생장형, 겨울에 휴면)",느림,,짙은 녹색의 잎이 환경에 따라서 붉은빛으로 물듦,http://www.nongsaro.go.kr/cms_contents/1122/204776_MF_RIMG_01.jpg,http://www.nongsaro.go.kr/cms_contents/1122/204776_MF_RIMG_02.jpg,http://www.nongsaro.go.kr/cms_contents/1122/204776_MF_RIMG_03.jpg,충분한 광이 필요함,http://www.nongsaro.go.kr/cms_contents/1122/204776_MF_BIMG_01.jpg,http://www.nongsaro.go.kr/cms_contents/1122/204776_MF_BIMG_02.jpg,필요함,어려움,캘리포니아,"잎꽂이, 자구꽂이",3~5°C,가는 뿌리,"<i>Sedum</i> 'LittleGem' , 돌나물과",군생형,,여름 장마철에 관수에 주의함
95,발코니 내측까지 이용 가능함<br />창측에 비해 약간 키가 커지지만 관상가치 있음,"키는 약 15cm 정도, 지제부에서 자구가 나옴<br />잎은 녹색에 약간의 백분이 나오며 주걱처럼 둥근모양",주로 북반구의 온난지에 400종 이상이 자생하고 있다. 종이 많은 만큼 형태도 다양하다. 나무처럼 곧게 자라는 품종도 있고 옆으로 기는 것처럼 자라는 세덤들도 많다. 꽃에서 향기가 나는 품종도 있다. 대부분 잎끝에서 폭죽이 터지듯 노란색이나 하얀색의 꽃을 피운다.,세덤(Sedum)속 (돌나물과),204775,세덤 '라울',"로치, 로티, 라울",,늦은 겨울부터 봄까지 흰색의 꽃을 피움,,,"봄~가을 성장 (여름생장형, 겨울에 휴면)",보통,,"연녹색의 잎에 백분이 있으며, 잎끝에 붉은 점이 있음",http://www.nongsaro.go.kr/cms_contents/1122/204775_MF_RIMG_01.jpg,http://www.nongsaro.go.kr/cms_contents/1122/204775_MF_RIMG_02.jpg,http://www.nongsaro.go.kr/cms_contents/1122/204775_MF_RIMG_03.jpg,충분한 광이 필요함,http://www.nongsaro.go.kr/cms_contents/1122/204775_MF_BIMG_01.jpg,http://www.nongsaro.go.kr/cms_contents/1122/204775_MF_BIMG_02.jpg,약간 돌봄,쉬움,멕시코,"잎꽂이, 자구꽂이",5°C,가는 뿌리,"<i>Sedum clavatum</i> 'Lawool' , 돌나물과",군생형,,한 달에 두 번 정도 흠뻑 주며 전면관수
96,발코니 창측까지 이용 가능함,동글동글한 황록색의 잎이 다닥다닥 붙어 자람,주로 북반구의 온난지에 400종 이상이 자생하고 있다. 종이 많은 만큼 형태도 다양하다. 나무처럼 곧게 자라는 품종도 있고 옆으로 기는 것처럼 자라는 세덤들도 많다. 꽃에서 향기가 나는 품종도 있다. 대부분 잎끝에서 폭죽이 터지듯 노란색이나 하얀색의 꽃을 피운다.,세덤(Sedum)속 (돌나물과),204774,청옥,,,늦은 봄부터 여름까지 붉은색의 꽃을 피움,,,"봄~가을 성장 (여름생장형, 겨울에 휴면)",빠름,,황록색,http://www.nongsaro.go.kr/cms_contents/1122/204774_MF_RIMG_01.jpg,http://www.nongsaro.go.kr/cms_contents/1122/204774_MF_RIMG_02.jpg,http://www.nongsaro.go.kr/cms_contents/1122/204774_MF_RIMG_03.jpg,햇빛을 잘 받게 하여 웃자라지 않도록 함,http://www.nongsaro.go.kr/cms_contents/1122/204774_MF_BIMG_01.jpg,http://www.nongsaro.go.kr/cms_contents/1122/204774_MF_BIMG_02.jpg,잘 견딤,매우 쉬움,멕시코,"포기나누기, 잎꽂이<br />분갈이는 4~5월이 적당하며, 배수가 잘되는 용토에<br />심어 관리",5°C,가는 뿌리,"<i>Sedum burrito</i>, 돌나물과",포도송이형,건조하게 관리하여 식물을 작게 키움,한 달에 두 번 정도 흠뻑 주며 전체적으로 관수
