,plant_name,plant_place,plant_grow_tmp_code,plant_grow_tmp,plant_req_sun,plant_manage_code,plant_manage,plant_water_spring_code,plant_water_spring,plant_water_summer_code,plant_water_summer,plant_water_autumn_code,plant_water_autumn,plant_water_winter_code,plant_water_winter,plant_soil,plant_humidity_code,plant_humidity
0,가울테리아,"거실 창측 (실내깊이 150~300cm),발코니 내측 (실내깊이 50~150cm),발코니 창측 (실내깊이 0~50cm)",082002,16~20℃,"중간 광도(800~1,500 Lux),높은 광도(1,500~10,000 Lux)",089002,경험자,053003,토양 표면이 말랐을때 충분히 관수함,053003,토양 표면이 말랐을때 충분히 관수함,053003,토양 표면이 말랐을때 충분히 관수함,053004,화분 흙 대부분 말랐을때 충분히 관수함,"토양 : 중성,산성 / 배수 잘 됨 (Loam,Sand)",083002,40 ~ 70%
1,개운죽,"거실 내측 (실내깊이 300~500cm),거실 창측 (실내깊이 150~300cm),발코니 내측 (실내깊이 50~150cm),발코니 창측 (실내깊이 0~50cm)",082002,16~20℃,"낮은 광도(300~800 Lux),중간 광도(800~1,500 Lux),높은 광도(1,500~10,000 Lux)",089001,초보자,053002,흙을 촉촉하게 유지함(물에 잠기지 않도록 주의),053002,흙을 촉촉하게 유지함(물에 잠기지 않도록 주의),053002,흙을 촉촉하게 유지함(물에 잠기지 않도록 주의),053003,토양 표면이 말랐을때 충분히 관수함,,083002,40 ~ 70%
2,골드크레스트 '윌마',"거실 창측 (실내깊이 150~300cm),발코니 내측 (실내깊이 50~150cm),발코니 창측 (실내깊이 0~50cm)",082002,16~20℃,"높은 광도(1,500~10,000 Lux)",089002,경험자,053003,토양 표면이 말랐을때 충분히 관수함,053003,토양 표면이 말랐을때 충분히 관수함,053003,토양 표면이 말랐을때 충분히 관수함,053004,화분 흙 대부분 말랐을때 충분히 관수함,,083002,40 ~ 70%
3,공작야자,"거실 창측 (실내깊이 150~300cm),발코니 내측 (실내깊이 50~150cm),발코니 창측 (실내깊이 0~50cm)",082003,21~25℃,"중간 광도(800~1,500 Lux),높은 광도(1,500~10,000 Lux)",089002,경험자,053003,토양 표면이 말랐을때 충분히 관수함,053003,토양 표면이 말랐을때 충분히 관수함,053003,토양 표면이 말랐을때 충분히 관수함,053003,토양 표면이 말랐을때 충분히 관수함,"토양-중성,산성/배수잘됨/타입-Loam",083003,70% 이상
4,관엽베고니아,"거실 창측 (실내깊이 150~300cm),발코니 내측 (실내깊이 50~150cm),발코니 창측 (실내깊이 0~50cm)",082002,16~20℃,"중간 광도(800~1,500 Lux),높은 광도(1,500~10,000 Lux)",089002,경험자,053003,토양 표면이 말랐을때 충분히 관수함,053003,토양 표면이 말랐을때 충분히 관수함,053003,토양 표면이 말랐을때 충분히 관수함,053003,토양 표면이 말랐을때 충분히 관수함,,083002,40 ~ 70%
5,관음죽,"실내 어두운 곳 (실내깊이 500 이상cm),거실 내측 (실내깊이 300~500cm),거실 창측 (실내깊이 150~300cm),발코니 내측 (실내깊이 50~150cm),발코니 창측 (실내깊이 0~50cm)",082002,16~20℃,"낮은 광도(300~800 Lux),중간 광도(800~1,500 Lux),높은 광도(1,500~10,000 Lux)",089002,경험자,053003,토양 표면이 말랐을때 충분히 관수함,053003,토양 표면이 말랐을때 충분히 관수함,053003,토양 표면이 말랐을때 충분히 관수함,053004,화분 흙 대부분 말랐을때 충분히 관수함,"중성,산성 / 배수 잘 됨 / 타입-Loam, Sand",083002,40 ~ 70%
6,구문초,"거실 창측 (실내깊이 150~300cm),발코니 내측 (실내깊이 50~150cm),발코니 창측 (실내깊이 0~50cm)",082002,16~20℃,"중간 광도(800~1,500 Lux),높은 광도(1,500~10,000 Lux)",,,053003,토양 표면이 말랐을때 충분히 관수함,053003,토양 표면이 말랐을때 충분히 관수함,053003,토양 표면이 말랐을때 충분히 관수함,053004,화분 흙 대부분 말랐을때 충분히 관수함,,083002,40 ~ 70%
7,구즈마니아,"거실 창측 (실내깊이 150~300cm),발코니 내측 (실내깊이 50~150cm),발코니 창측 (실내깊이 0~50cm)",082003,21~25℃,"중간 광도(800~1,500 Lux),높은 광도(1,500~10,000 Lux)",089002,경험자,053003,토양 표면이 말랐을때 충분히 관수함,053003,토양 표면이 말랐을때 충분히 관수함,053003,토양 표면이 말랐을때 충분히 관수함,053003,토양 표면이 말랐을때 충분히 관수함,,083002,40 ~ 70%
8,군자란,"거실 창측 (실내깊이 150~300cm),발코니 내측 (실내깊이 50~150cm),발코니 창측 (실내깊이 0~50cm)",082002,16~20℃,"중간 광도(800~1,500 Lux),높은 광도(1,500~10,000 Lux)",089002,경험자,053003,토양 표면이 말랐을때 충분히 관수함,053003,토양 표면이 말랐을때 충분히 관수함,053003,토양 표면이 말랐을때 충분히 관수함,053004,화분 흙 대부분 말랐을때 충분히 관수함,,083002,40 ~ 70%
9,글레코마,"거실 창측 (실내깊이 150~300cm),발코니 내측 (실내깊이 50~150cm),발코니 창측 (실내깊이 0~50cm)",082002,16~20℃,"중간 광도(800~1,500 Lux),높은 광도(1,500~10,000 Lux)",089001,초보자,053003,토양 표면이 말랐을때 충분히 관수함,053003,토양 표면이 말랐을때 충분히 관수함,053003,토양 표면이 말랐을때 충분히 관수함,053004,화분 흙 대부분 말랐을때 충분히 관수함,,083002,40 ~ 70%
10,금목서,"거실 창측 (실내깊이 150~300cm),발코니 내측 (실내깊이 50~150cm),발코니 창측 (실내깊이 0~50cm)",082002,16~20℃,"중간 광도(800~1,500 Lux),높은 광도(1,500~10,000 Lux)",089001,초보자,053003,토양 표면이 말랐을때 충분히 관수함,053003,토양 표면이 말랐을때 충분히 관수함,053003,토양 표면이 말랐을때 충분히 관수함,053003,토양 표면이 말랐을때 충분히 관수함,"산성, 중성 / 양질토, 모래",083002,40 ~ 70%
11,금사철나무,"거실 내측 (실내깊이 300~500cm),거실 창측 (실내깊이 150~300cm),발코니 내측 (실내깊이 50~150cm),발코니 창측 (실내깊이 0~50cm)",082002,16~20℃,"중간 광도(800~1,500 Lux),높은 광도(1,500~10,000 Lux)",,,053003,토양 표면이 말랐을때 충분히 관수함,053003,토양 표면이 말랐을때 충분히 관수함,053003,토양 표면이 말랐을때 충분히 관수함,053004,화분 흙 대부분 말랐을때 충분히 관수함,,083002,40 ~ 70%
12,금식나무,"거실 창측 (실내깊이 150~300cm),발코니 내측 (실내깊이 50~150cm),발코니 창측 (실내깊이 0~50cm)",082002,16~20℃,"중간 광도(800~1,500 Lux),높은 광도(1,500~10,000 Lux)",089001,초보자,053003,토양 표면이 말랐을때 충분히 관수함,053003,토양 표면이 말랐을때 충분히 관수함,053003,토양 표면이 말랐을때 충분히 관수함,053004,화분 흙 대부분 말랐을때 충분히 관수함,"중성,산성 / 배수 잘 됨 / 타입-Loam, Clay",083002,40 ~ 70%
13,금전수,"거실 내측 (실내깊이 300~500cm),거실 창측 (실내깊이 150~300cm),발코니 내측 (실내깊이 50~150cm),발코니 창측 (실내깊이 0~50cm)",082002,16~20℃,"중간 광도(800~1,500 Lux),높은 광도(1,500~10,000 Lux)",089001,초보자,053003,토양 표면이 말랐을때 충분히 관수함,053003,토양 표면이 말랐을때 충분히 관수함,053003,토양 표면이 말랐을때 충분히 관수함,053004,화분 흙 대부분 말랐을때 충분히 관수함,"중성,산성 / 배수 잘 됨 / 타입-Loam, Sand",083002,40 ~ 70%
14,금천죽,"거실 창측 (실내깊이 150~300cm),발코니 내측 (실내깊이 50~150cm),발코니 창측 (실내깊이 0~50cm)",082002,16~20℃,"낮은 광도(300~800 Lux),중간 광도(800~1,500 Lux),높은 광도(1,500~10,000 Lux)",089001,초보자,053003,토양 표면이 말랐을때 충분히 관수함,053003,토양 표면이 말랐을때 충분히 관수함,053003,토양 표면이 말랐을때 충분히 관수함,053004,화분 흙 대부분 말랐을때 충분히 관수함,"중성 / 배수 잘 됨 / 타입-Loam, Sand",083002,40 ~ 70%
15,기누라,"거실 창측 (실내깊이 150~300cm),발코니 내측 (실내깊이 50~150cm),발코니 창측 (실내깊이 0~50cm)",082002,16~20℃,"중간 광도(800~1,500 Lux),높은 광도(1,500~10,000 Lux)",089002,경험자,053003,토양 표면이 말랐을때 충분히 관수함,053003,토양 표면이 말랐을때 충분히 관수함,053003,토양 표면이 말랐을때 충분히 관수함,053004,화분 흙 대부분 말랐을때 충분히 관수함,중성 / 배수 잘 됨 / 타입-Loam,083002,40 ~ 70%
16,꽃베고니아,"거실 창측 (실내깊이 150~300cm),발코니 내측 (실내깊이 50~150cm),발코니 창측 (실내깊이 0~50cm)",082003,21~25℃,"높은 광도(1,500~10,000 Lux)",089002,경험자,053002,흙을 촉촉하게 유지함(물에 잠기지 않도록 주의),053002,흙을 촉촉하게 유지함(물에 잠기지 않도록 주의),053003,토양 표면이 말랐을때 충분히 관수함,053004,화분 흙 대부분 말랐을때 충분히 관수함,"중성,산성 / 배수 잘 됨 / 타입-Loam, Sand",083003,70% 이상
17,나도풍란,"발코니 내측 (실내깊이 50~150cm),발코니 창측 (실내깊이 0~50cm)",082003,21~25℃,"중간 광도(800~1,500 Lux)",089002,경험자,053004,화분 흙 대부분 말랐을때 충분히 관수함,053004,화분 흙 대부분 말랐을때 충분히 관수함,053004,화분 흙 대부분 말랐을때 충분히 관수함,053004,화분 흙 대부분 말랐을때 충분히 관수함,,083003,70% 이상
18,나한송,"거실 창측 (실내깊이 150~300cm),발코니 내측 (실내깊이 50~150cm),발코니 창측 (실내깊이 0~50cm)",082001,10~15℃,"중간 광도(800~1,500 Lux),높은 광도(1,500~10,000 Lux)",089001,초보자,053002,흙을 촉촉하게 유지함(물에 잠기지 않도록 주의),053002,흙을 촉촉하게 유지함(물에 잠기지 않도록 주의),053002,흙을 촉촉하게 유지함(물에 잠기지 않도록 주의),053003,토양 표면이 말랐을때 충분히 관수함,"중성,산성,알칼리성 / 배수 잘 됨 / 타입-Clay, Loam, Sand",,
19,남천,"거실 창측 (실내깊이 150~300cm),발코니 내측 (실내깊이 50~150cm),발코니 창측 (실내깊이 0~50cm)",082002,16~20℃,"높은 광도(1,500~10,000 Lux)",089001,초보자,053003,토양 표면이 말랐을때 충분히 관수함,053003,토양 표면이 말랐을때 충분히 관수함,053003,토양 표면이 말랐을때 충분히 관수함,053004,화분 흙 대부분 말랐을때 충분히 관수함,"중성,산성 / 배수 잘 됨 / 타입-Loam, Sand",083002,40 ~ 70%
20,네마탄투스,"거실 창측 (실내깊이 150~300cm),발코니 내측 (실내깊이 50~150cm),발코니 창측 (실내깊이 0~50cm)",082002,16~20℃,"중간 광도(800~1,500 Lux),높은 광도(1,500~10,000 Lux)",089002,경험자,053003,토양 표면이 말랐을때 충분히 관수함,053003,토양 표면이 말랐을때 충분히 관수함,053003,토양 표면이 말랐을때 충분히 관수함,053004,화분 흙 대부분 말랐을때 충분히 관수함,"중성 / 배수정도 보통 / 타입 - Loam, Sand",083002,40 ~ 70%
21,네오레겔리아,"거실 창측 (실내깊이 150~300cm),발코니 내측 (실내깊이 50~150cm),발코니 창측 (실내깊이 0~50cm)",082002,16~20℃,"중간 광도(800~1,500 Lux),높은 광도(1,500~10,000 Lux)",089002,경험자,053003,토양 표면이 말랐을때 충분히 관수함,053003,토양 표면이 말랐을때 충분히 관수함,053003,토양 표면이 말랐을때 충분히 관수함,053003,토양 표면이 말랐을때 충분히 관수함,,083003,70% 이상
22,녹영,"거실 창측 (실내깊이 150~300cm),발코니 내측 (실내깊이 50~150cm),발코니 창측 (실내깊이 0~50cm)",082002,16~20℃,"중간 광도(800~1,500 Lux),높은 광도(1,500~10,000 Lux)",089002,경험자,053004,화분 흙 대부분 말랐을때 충분히 관수함,053004,화분 흙 대부분 말랐을때 충분히 관수함,053004,화분 흙 대부분 말랐을때 충분히 관수함,053004,화분 흙 대부분 말랐을때 충분히 관수함,건조에 강한 식물이므로 겉흙이 완전히 마르면 관수하며 온도가 낮은 환경에서는 특별히 흙을 건조하게 관리한다.,083002,40 ~ 70%
23,뉴기니아봉선화,"거실 창측 (실내깊이 150~300cm),발코니 내측 (실내깊이 50~150cm),발코니 창측 (실내깊이 0~50cm)",082003,21~25℃,"중간 광도(800~1,500 Lux),높은 광도(1,500~10,000 Lux)",089001,초보자,053002,흙을 촉촉하게 유지함(물에 잠기지 않도록 주의),053002,흙을 촉촉하게 유지함(물에 잠기지 않도록 주의),053003,토양 표면이 말랐을때 충분히 관수함,053004,화분 흙 대부분 말랐을때 충분히 관수함,유기질이 풍부한 배합토로 만든 토양에서 기른다.,083001,40% 미만
24,대만고무나무,"거실 내측 (실내깊이 300~500cm),거실 창측 (실내깊이 150~300cm),발코니 내측 (실내깊이 50~150cm),발코니 창측 (실내깊이 0~50cm)",082003,21~25℃,"중간 광도(800~1,500 Lux),높은 광도(1,500~10,000 Lux)",089002,경험자,053003,토양 표면이 말랐을때 충분히 관수함,053003,토양 표면이 말랐을때 충분히 관수함,053003,토양 표면이 말랐을때 충분히 관수함,053004,화분 흙 대부분 말랐을때 충분히 관수함,,083002,40 ~ 70%
25,더피고사리,"거실 내측 (실내깊이 300~500cm),거실 창측 (실내깊이 150~300cm),발코니 내측 (실내깊이 50~150cm),발코니 창측 (실내깊이 0~50cm)",082002,16~20℃,"중간 광도(800~1,500 Lux),높은 광도(1,500~10,000 Lux)",089002,경험자,053002,흙을 촉촉하게 유지함(물에 잠기지 않도록 주의),053002,흙을 촉촉하게 유지함(물에 잠기지 않도록 주의),053002,흙을 촉촉하게 유지함(물에 잠기지 않도록 주의),053003,토양 표면이 말랐을때 충분히 관수함,난석 4:부엽토 3:강모래 3,083003,70% 이상
26,덕구리난,"거실 창측 (실내깊이 150~300cm),발코니 내측 (실내깊이 50~150cm),발코니 창측 (실내깊이 0~50cm)",082003,21~25℃,"높은 광도(1,500~10,000 Lux)",089001,초보자,053003,토양 표면이 말랐을때 충분히 관수함,053003,토양 표면이 말랐을때 충분히 관수함,053003,토양 표면이 말랐을때 충분히 관수함,053004,화분 흙 대부분 말랐을때 충분히 관수함,배수가 잘 되는 토양,083001,40% 미만
27,데코라고무나무,"거실 창측 (실내깊이 150~300cm),발코니 내측 (실내깊이 50~150cm),발코니 창측 (실내깊이 0~50cm)",082003,21~25℃,"중간 광도(800~1,500 Lux),높은 광도(1,500~10,000 Lux)",089001,초보자,053003,토양 표면이 말랐을때 충분히 관수함,053003,토양 표면이 말랐을때 충분히 관수함,053003,토양 표면이 말랐을때 충분히 관수함,053004,화분 흙 대부분 말랐을때 충분히 관수함,"중성,산성,알칼리성 / 배수 잘 됨 / 타입-Loam, Sand",083002,40 ~ 70%
28,덴파레,"거실 창측 (실내깊이 150~300cm),발코니 내측 (실내깊이 50~150cm),발코니 창측 (실내깊이 0~50cm)",082003,21~25℃,"높은 광도(1,500~10,000 Lux)",089002,경험자,053004,화분 흙 대부분 말랐을때 충분히 관수함,053004,화분 흙 대부분 말랐을때 충분히 관수함,053004,화분 흙 대부분 말랐을때 충분히 관수함,053004,화분 흙 대부분 말랐을때 충분히 관수함,,083002,40 ~ 70%
29,도깨비고비,"실내 어두운 곳 (실내깊이 500 이상cm),거실 내측 (실내깊이 300~500cm),거실 창측 (실내깊이 150~300cm),발코니 내측 (실내깊이 50~150cm),발코니 창측 (실내깊이 0~50cm)",082002,16~20℃,"낮은 광도(300~800 Lux),중간 광도(800~1,500 Lux),높은 광도(1,500~10,000 Lux)",089001,초보자,053002,흙을 촉촉하게 유지함(물에 잠기지 않도록 주의),053002,흙을 촉촉하게 유지함(물에 잠기지 않도록 주의),053002,흙을 촉촉하게 유지함(물에 잠기지 않도록 주의),053003,토양 표면이 말랐을때 충분히 관수함,중성 / 배수 잘 됨 / 타입-Loam,083001,40% 미만
30,돈나무,"거실 창측 (실내깊이 150~300cm),발코니 내측 (실내깊이 50~150cm),발코니 창측 (실내깊이 0~50cm)",082002,16~20℃,"중간 광도(800~1,500 Lux),높은 광도(1,500~10,000 Lux)",089001,초보자,053003,토양 표면이 말랐을때 충분히 관수함,053003,토양 표면이 말랐을때 충분히 관수함,053003,토양 표면이 말랐을때 충분히 관수함,053004,화분 흙 대부분 말랐을때 충분히 관수함,화분용 영양토,083002,40 ~ 70%
31,동백,"거실 창측 (실내깊이 150~300cm),발코니 내측 (실내깊이 50~150cm),발코니 창측 (실내깊이 0~50cm)",082002,16~20℃,"높은 광도(1,500~10,000 Lux)",089002,경험자,053003,토양 표면이 말랐을때 충분히 관수함,053003,토양 표면이 말랐을때 충분히 관수함,053003,토양 표면이 말랐을때 충분히 관수함,053004,화분 흙 대부분 말랐을때 충분히 관수함,"양토(산성, 중성), 점토, 모래, 건조토양",083002,40 ~ 70%
32,둥근잎 아랄리아,"거실 내측 (실내깊이 300~500cm),거실 창측 (실내깊이 150~300cm),발코니 내측 (실내깊이 50~150cm),발코니 창측 (실내깊이 0~50cm)",082003,21~25℃,"중간 광도(800~1,500 Lux),높은 광도(1,500~10,000 Lux)",089002,경험자,053003,토양 표면이 말랐을때 충분히 관수함,053003,토양 표면이 말랐을때 충분히 관수함,053003,토양 표면이 말랐을때 충분히 관수함,053004,화분 흙 대부분 말랐을때 충분히 관수함,,083002,40 ~ 70%
33,듀란타,"거실 창측 (실내깊이 150~300cm),발코니 내측 (실내깊이 50~150cm),발코니 창측 (실내깊이 0~50cm)",082003,21~25℃,"높은 광도(1,500~10,000 Lux)",,,053003,토양 표면이 말랐을때 충분히 관수함,053003,토양 표면이 말랐을때 충분히 관수함,053003,토양 표면이 말랐을때 충분히 관수함,053004,화분 흙 대부분 말랐을때 충분히 관수함,화분용 영양토,083002,40 ~ 70%
34,드라세나  '송오브자마이카',"거실 내측 (실내깊이 300~500cm),거실 창측 (실내깊이 150~300cm),발코니 내측 (실내깊이 50~150cm),발코니 창측 (실내깊이 0~50cm)",082002,16~20℃,"낮은 광도(300~800 Lux),중간 광도(800~1,500 Lux),높은 광도(1,500~10,000 Lux)",089001,초보자,053003,토양 표면이 말랐을때 충분히 관수함,053003,토양 표면이 말랐을때 충분히 관수함,053003,토양 표면이 말랐을때 충분히 관수함,053004,화분 흙 대부분 말랐을때 충분히 관수함,물빠짐이 좋으면서 보수력을 지닌 토양,083002,40 ~ 70%
35,드라세나  '와네끼',"거실 내측 (실내깊이 300~500cm),거실 창측 (실내깊이 150~300cm),발코니 내측 (실내깊이 50~150cm),발코니 창측 (실내깊이 0~50cm)",082002,16~20℃,"중간 광도(800~1,500 Lux),높은 광도(1,500~10,000 Lux)",089001,초보자,053003,토양 표면이 말랐을때 충분히 관수함,053003,토양 표면이 말랐을때 충분히 관수함,053003,토양 표면이 말랐을때 충분히 관수함,053004,화분 흙 대부분 말랐을때 충분히 관수함,화분용 영양토,083002,40 ~ 70%
36,드라세나 '송오브인디아',"거실 내측 (실내깊이 300~500cm),거실 창측 (실내깊이 150~300cm),발코니 내측 (실내깊이 50~150cm),발코니 창측 (실내깊이 0~50cm)",082002,16~20℃,"낮은 광도(300~800 Lux),중간 광도(800~1,500 Lux),높은 광도(1,500~10,000 Lux)",089001,초보자,053002,흙을 촉촉하게 유지함(물에 잠기지 않도록 주의),053002,흙을 촉촉하게 유지함(물에 잠기지 않도록 주의),053002,흙을 촉촉하게 유지함(물에 잠기지 않도록 주의),053004,화분 흙 대부분 말랐을때 충분히 관수함,물빠짐이 좋고 다소 보수력이 있는 토양,083002,40 ~ 70%
37,드라세나 '자바',"거실 내측 (실내깊이 300~500cm),거실 창측 (실내깊이 150~300cm),발코니 내측 (실내깊이 50~150cm),발코니 창측 (실내깊이 0~50cm)",082002,16~20℃,"중간 광도(800~1,500 Lux),높은 광도(1,500~10,000 Lux)",089002,경험자,053003,토양 표면이 말랐을때 충분히 관수함,053003,토양 표면이 말랐을때 충분히 관수함,053003,토양 표면이 말랐을때 충분히 관수함,053004,화분 흙 대부분 말랐을때 충분히 관수함,,083002,40 ~ 70%
38,드라세나 '콤팩타',"실내 어두운 곳 (실내깊이 500 이상cm),거실 내측 (실내깊이 300~500cm),거실 창측 (실내깊이 150~300cm),발코니 내측 (실내깊이 50~150cm),발코니 창측 (실내깊이 0~50cm)",082002,16~20℃,"낮은 광도(300~800 Lux),중간 광도(800~1,500 Lux),높은 광도(1,500~10,000 Lux)",089001,초보자,053002,흙을 촉촉하게 유지함(물에 잠기지 않도록 주의),053002,흙을 촉촉하게 유지함(물에 잠기지 않도록 주의),053002,흙을 촉촉하게 유지함(물에 잠기지 않도록 주의),053004,화분 흙 대부분 말랐을때 충분히 관수함,화분용영양토,083002,40 ~ 70%
39,드라세나 '트리 컬러 레인보우',"거실 창측 (실내깊이 150~300cm),발코니 내측 (실내깊이 50~150cm),발코니 창측 (실내깊이 0~50cm)",082002,16~20℃,"중간 광도(800~1,500 Lux),높은 광도(1,500~10,000 Lux)",089001,초보자,053002,흙을 촉촉하게 유지함(물에 잠기지 않도록 주의),053002,흙을 촉촉하게 유지함(물에 잠기지 않도록 주의),053002,흙을 촉촉하게 유지함(물에 잠기지 않도록 주의),053003,토양 표면이 말랐을때 충분히 관수함,,083002,40 ~ 70%
40,드라세나 드라코,"거실 내측 (실내깊이 300~500cm),거실 창측 (실내깊이 150~300cm),발코니 내측 (실내깊이 50~150cm),발코니 창측 (실내깊이 0~50cm)",082003,21~25℃,"중간 광도(800~1,500 Lux),높은 광도(1,500~10,000 Lux)",089002,경험자,053003,토양 표면이 말랐을때 충분히 관수함,053003,토양 표면이 말랐을때 충분히 관수함,053003,토양 표면이 말랐을때 충분히 관수함,053004,화분 흙 대부분 말랐을때 충분히 관수함,"가볍고, 건조잘되는것, 양질토, 모래, 산도(알칼리, 중성), 일반화분용토양(토양자체가 단단하면 모래 또는 펄라이트, 피트모스를 추가하여 흙을 만듬)",083002,40 ~ 70%
41,드라세나 마지나타,"거실 내측 (실내깊이 300~500cm),거실 창측 (실내깊이 150~300cm),발코니 내측 (실내깊이 50~150cm),발코니 창측 (실내깊이 0~50cm)",082002,16~20℃,"중간 광도(800~1,500 Lux),높은 광도(1,500~10,000 Lux)",089001,초보자,053002,흙을 촉촉하게 유지함(물에 잠기지 않도록 주의),053002,흙을 촉촉하게 유지함(물에 잠기지 않도록 주의),053002,흙을 촉촉하게 유지함(물에 잠기지 않도록 주의),053004,화분 흙 대부분 말랐을때 충분히 관수함,"건조하고 가벼운 토양 / 산성, 알카리",083002,40 ~ 70%
42,드라세나 맛상게아나,"거실 내측 (실내깊이 300~500cm),거실 창측 (실내깊이 150~300cm),발코니 내측 (실내깊이 50~150cm),발코니 창측 (실내깊이 0~50cm)",082002,16~20℃,"낮은 광도(300~800 Lux),중간 광도(800~1,500 Lux),높은 광도(1,500~10,000 Lux)",089001,초보자,053002,흙을 촉촉하게 유지함(물에 잠기지 않도록 주의),053002,흙을 촉촉하게 유지함(물에 잠기지 않도록 주의),053002,흙을 촉촉하게 유지함(물에 잠기지 않도록 주의),053004,화분 흙 대부분 말랐을때 충분히 관수함,화분용영양토,083002,40 ~ 70%
43,드라세나 산데리아나,"실내 어두운 곳 (실내깊이 500 이상cm),거실 내측 (실내깊이 300~500cm),거실 창측 (실내깊이 150~300cm),발코니 내측 (실내깊이 50~150cm),발코니 창측 (실내깊이 0~50cm)",082003,21~25℃,"낮은 광도(300~800 Lux),중간 광도(800~1,500 Lux),높은 광도(1,500~10,000 Lux)",089001,초보자,053002,흙을 촉촉하게 유지함(물에 잠기지 않도록 주의),053002,흙을 촉촉하게 유지함(물에 잠기지 않도록 주의),053002,흙을 촉촉하게 유지함(물에 잠기지 않도록 주의),053004,화분 흙 대부분 말랐을때 충분히 관수함,"물빠짐이 좋은토양, 양질토, 모래, 중성(산도)",083002,40 ~ 70%
44,드라세나 산데리아나 '세레스',"실내 어두운 곳 (실내깊이 500 이상cm),거실 내측 (실내깊이 300~500cm),거실 창측 (실내깊이 150~300cm),발코니 내측 (실내깊이 50~150cm)",082002,16~20℃,"낮은 광도(300~800 Lux),중간 광도(800~1,500 Lux),높은 광도(1,500~10,000 Lux)",089001,초보자,053002,흙을 촉촉하게 유지함(물에 잠기지 않도록 주의),053002,흙을 촉촉하게 유지함(물에 잠기지 않도록 주의),053002,흙을 촉촉하게 유지함(물에 잠기지 않도록 주의),053003,토양 표면이 말랐을때 충분히 관수함,건조한 토양,083002,40 ~ 70%
45,드라세나 수르쿨로사,"거실 내측 (실내깊이 300~500cm),거실 창측 (실내깊이 150~300cm),발코니 내측 (실내깊이 50~150cm),발코니 창측 (실내깊이 0~50cm)",082002,16~20℃,"낮은 광도(300~800 Lux),중간 광도(800~1,500 Lux),높은 광도(1,500~10,000 Lux)",089002,경험자,053003,토양 표면이 말랐을때 충분히 관수함,053003,토양 표면이 말랐을때 충분히 관수함,053003,토양 표면이 말랐을때 충분히 관수함,053004,화분 흙 대부분 말랐을때 충분히 관수함,,083001,40% 미만
46,디지고데카,"거실 내측 (실내깊이 300~500cm),거실 창측 (실내깊이 150~300cm),발코니 내측 (실내깊이 50~150cm),발코니 창측 (실내깊이 0~50cm)",082002,16~20℃,"중간 광도(800~1,500 Lux),높은 광도(1,500~10,000 Lux)",089002,경험자,053003,토양 표면이 말랐을때 충분히 관수함,053003,토양 표면이 말랐을때 충분히 관수함,053003,토양 표면이 말랐을때 충분히 관수함,053004,화분 흙 대부분 말랐을때 충분히 관수함,"좋은 배수와 균등 습한 토양 / 양질토, 모래 / 중성, 알카리",083002,40 ~ 70%
47,디펜바키아 '마리안느',"거실 창측 (실내깊이 150~300cm),발코니 내측 (실내깊이 50~150cm),발코니 창측 (실내깊이 0~50cm)",082003,21~25℃,"중간 광도(800~1,500 Lux),높은 광도(1,500~10,000 Lux)",089002,경험자,053003,토양 표면이 말랐을때 충분히 관수함,053003,토양 표면이 말랐을때 충분히 관수함,053003,토양 표면이 말랐을때 충분히 관수함,053004,화분 흙 대부분 말랐을때 충분히 관수함,"산성, 중성 / 양질토, 모래",083002,40 ~ 70%
48,디펜바키아 '트로픽스노우',"거실 내측 (실내깊이 300~500cm),거실 창측 (실내깊이 150~300cm),발코니 내측 (실내깊이 50~150cm),발코니 창측 (실내깊이 0~50cm)",082003,21~25℃,"중간 광도(800~1,500 Lux),높은 광도(1,500~10,000 Lux)",089002,경험자,053003,토양 표면이 말랐을때 충분히 관수함,053003,토양 표면이 말랐을때 충분히 관수함,053003,토양 표면이 말랐을때 충분히 관수함,053004,화분 흙 대부분 말랐을때 충분히 관수함,"산성, 중성 / 양질토",083002,40 ~ 70%
49,떡갈잎 고무나무,"거실 창측 (실내깊이 150~300cm),발코니 내측 (실내깊이 50~150cm),발코니 창측 (실내깊이 0~50cm)",082002,16~20℃,"중간 광도(800~1,500 Lux),높은 광도(1,500~10,000 Lux)",089001,초보자,053003,토양 표면이 말랐을때 충분히 관수함,053003,토양 표면이 말랐을때 충분히 관수함,053003,토양 표면이 말랐을때 충분히 관수함,053004,화분 흙 대부분 말랐을때 충분히 관수함,"산성, 중성, 알칼리성 / 양질토, 모래",083002,40 ~ 70%
50,러브체인,"거실 창측 (실내깊이 150~300cm),발코니 내측 (실내깊이 50~150cm),발코니 창측 (실내깊이 0~50cm)",082002,16~20℃,"중간 광도(800~1,500 Lux),높은 광도(1,500~10,000 Lux)",089002,경험자,053004,화분 흙 대부분 말랐을때 충분히 관수함,053004,화분 흙 대부분 말랐을때 충분히 관수함,053004,화분 흙 대부분 말랐을때 충분히 관수함,053004,화분 흙 대부분 말랐을때 충분히 관수함,화분용영양토,083001,40% 미만
51,렉스베고니아,"거실 창측 (실내깊이 150~300cm),발코니 내측 (실내깊이 50~150cm),발코니 창측 (실내깊이 0~50cm)",082002,16~20℃,"중간 광도(800~1,500 Lux),높은 광도(1,500~10,000 Lux)",089002,경험자,053003,토양 표면이 말랐을때 충분히 관수함,053003,토양 표면이 말랐을때 충분히 관수함,053003,토양 표면이 말랐을때 충분히 관수함,053004,화분 흙 대부분 말랐을때 충분히 관수함,"중성 / 양질토, 모래",083002,40 ~ 70%
52,루모라고 사리,"거실 창측 (실내깊이 150~300cm),발코니 내측 (실내깊이 50~150cm),발코니 창측 (실내깊이 0~50cm)",082002,16~20℃,"중간 광도(800~1,500 Lux),높은 광도(1,500~10,000 Lux)",089003,전문가,053002,흙을 촉촉하게 유지함(물에 잠기지 않도록 주의),053002,흙을 촉촉하게 유지함(물에 잠기지 않도록 주의),053002,흙을 촉촉하게 유지함(물에 잠기지 않도록 주의),053003,토양 표면이 말랐을때 충분히 관수함,"산성, 중성 / 점토, 양질토",083003,70% 이상
53,루스커스,"거실 창측 (실내깊이 150~300cm),발코니 내측 (실내깊이 50~150cm),발코니 창측 (실내깊이 0~50cm)",082002,16~20℃,"중간 광도(800~1,500 Lux),높은 광도(1,500~10,000 Lux)",089001,초보자,053003,토양 표면이 말랐을때 충분히 관수함,053003,토양 표면이 말랐을때 충분히 관수함,053003,토양 표면이 말랐을때 충분히 관수함,053004,화분 흙 대부분 말랐을때 충분히 관수함,배수 잘 됨 / 모래,083002,40 ~ 70%
54,마란타 류코뉴라,"거실 창측 (실내깊이 150~300cm),발코니 내측 (실내깊이 50~150cm),발코니 창측 (실내깊이 0~50cm)",082002,16~20℃,"중간 광도(800~1,500 Lux),높은 광도(1,500~10,000 Lux)",089001,초보자,053003,토양 표면이 말랐을때 충분히 관수함,053003,토양 표면이 말랐을때 충분히 관수함,053003,토양 표면이 말랐을때 충분히 관수함,053003,토양 표면이 말랐을때 충분히 관수함,"산성, 중성, 알칼리 / 양질토, 모래 / 건조한 토양",083002,40 ~ 70%
55,마삭줄,"거실 창측 (실내깊이 150~300cm),발코니 내측 (실내깊이 50~150cm),발코니 창측 (실내깊이 0~50cm)",082002,16~20℃,"중간 광도(800~1,500 Lux),높은 광도(1,500~10,000 Lux)",089001,초보자,053003,토양 표면이 말랐을때 충분히 관수함,053003,토양 표면이 말랐을때 충분히 관수함,053003,토양 표면이 말랐을때 충분히 관수함,053003,토양 표면이 말랐을때 충분히 관수함,"산성, 중성, 알칼리성 / 점토, 양질토, 모래",083002,40 ~ 70%
56,만년청,"실내 어두운 곳 (실내깊이 500 이상cm),거실 내측 (실내깊이 300~500cm),거실 창측 (실내깊이 150~300cm),발코니 내측 (실내깊이 50~150cm),발코니 창측 (실내깊이 0~50cm)",082003,21~25℃,"낮은 광도(300~800 Lux),중간 광도(800~1,500 Lux),높은 광도(1,500~10,000 Lux)",089001,초보자,053003,토양 표면이 말랐을때 충분히 관수함,053003,토양 표면이 말랐을때 충분히 관수함,053003,토양 표면이 말랐을때 충분히 관수함,053004,화분 흙 대부분 말랐을때 충분히 관수함,"물빠짐이 좋은 토양 / 모래, 경석, 하이드로볼",083002,40 ~ 70%
57,만데빌라,"거실 창측 (실내깊이 150~300cm),발코니 내측 (실내깊이 50~150cm),발코니 창측 (실내깊이 0~50cm)",082002,16~20℃,"중간 광도(800~1,500 Lux),높은 광도(1,500~10,000 Lux)",089002,경험자,053003,토양 표면이 말랐을때 충분히 관수함,053003,토양 표면이 말랐을때 충분히 관수함,053003,토양 표면이 말랐을때 충분히 관수함,053004,화분 흙 대부분 말랐을때 충분히 관수함,"산성, 중성, 알칼리성 / 양질토, 모래 / 건조한토양",083002,40 ~ 70%
58,멕시 코소철,"거실 창측 (실내깊이 150~300cm),발코니 내측 (실내깊이 50~150cm),발코니 창측 (실내깊이 0~50cm)",082003,21~25℃,"중간 광도(800~1,500 Lux),높은 광도(1,500~10,000 Lux)",089001,초보자,053003,토양 표면이 말랐을때 충분히 관수함,053003,토양 표면이 말랐을때 충분히 관수함,053003,토양 표면이 말랐을때 충분히 관수함,053004,화분 흙 대부분 말랐을때 충분히 관수함,"산성, 중성, 알칼리성 / 양질토, 모래",083002,40 ~ 70%
59,멜라니 고무나무,"거실 창측 (실내깊이 150~300cm),발코니 내측 (실내깊이 50~150cm),발코니 창측 (실내깊이 0~50cm)",082003,21~25℃,"중간 광도(800~1,500 Lux),높은 광도(1,500~10,000 Lux)",089002,경험자,053003,토양 표면이 말랐을때 충분히 관수함,053003,토양 표면이 말랐을때 충분히 관수함,053003,토양 표면이 말랐을때 충분히 관수함,053003,토양 표면이 말랐을때 충분히 관수함,"산성, 중성, 알칼리성 / 양질토, 모래 / 건조한토양",083002,40 ~ 70%
60,목베고니아,"거실 창측 (실내깊이 150~300cm),발코니 내측 (실내깊이 50~150cm),발코니 창측 (실내깊이 0~50cm)",082003,21~25℃,"중간 광도(800~1,500 Lux),높은 광도(1,500~10,000 Lux)",089001,초보자,053002,흙을 촉촉하게 유지함(물에 잠기지 않도록 주의),053002,흙을 촉촉하게 유지함(물에 잠기지 않도록 주의),053002,흙을 촉촉하게 유지함(물에 잠기지 않도록 주의),053003,토양 표면이 말랐을때 충분히 관수함,"중성(pH 6-7) / 모래, 식양토",083002,40 ~ 70%
61,몬스테라,"거실 창측 (실내깊이 150~300cm),발코니 내측 (실내깊이 50~150cm),발코니 창측 (실내깊이 0~50cm)",082002,16~20℃,"중간 광도(800~1,500 Lux),높은 광도(1,500~10,000 Lux)",089001,초보자,053002,흙을 촉촉하게 유지함(물에 잠기지 않도록 주의),053002,흙을 촉촉하게 유지함(물에 잠기지 않도록 주의),053002,흙을 촉촉하게 유지함(물에 잠기지 않도록 주의),053003,토양 표면이 말랐을때 충분히 관수함,"산성, 중성 / 양질토, 모래",083003,70% 이상
62,무늬관음죽,"거실 내측 (실내깊이 300~500cm),거실 창측 (실내깊이 150~300cm),발코니 내측 (실내깊이 50~150cm),발코니 창측 (실내깊이 0~50cm)",082002,16~20℃,"중간 광도(800~1,500 Lux),높은 광도(1,500~10,000 Lux)",089002,경험자,053003,토양 표면이 말랐을때 충분히 관수함,053003,토양 표면이 말랐을때 충분히 관수함,053003,토양 표면이 말랐을때 충분히 관수함,053004,화분 흙 대부분 말랐을때 충분히 관수함,"산성, 중성 / 양질토, 모래 / 건조한토양",083002,40 ~ 70%
63,무늬마삭줄,"거실 창측 (실내깊이 150~300cm),발코니 내측 (실내깊이 50~150cm),발코니 창측 (실내깊이 0~50cm)",082002,16~20℃,"중간 광도(800~1,500 Lux),높은 광도(1,500~10,000 Lux)",089001,초보자,053002,흙을 촉촉하게 유지함(물에 잠기지 않도록 주의),053002,흙을 촉촉하게 유지함(물에 잠기지 않도록 주의),053002,흙을 촉촉하게 유지함(물에 잠기지 않도록 주의),053003,토양 표면이 말랐을때 충분히 관수함,"산성, 중성, 알칼리성 / 점토, 양질토, 모래 / 건조한토양",083002,40 ~ 70%
64,무늬벤자민고무나무,"거실 창측 (실내깊이 150~300cm),발코니 내측 (실내깊이 50~150cm),발코니 창측 (실내깊이 0~50cm)",082003,21~25℃,"중간 광도(800~1,500 Lux),높은 광도(1,500~10,000 Lux)",089001,초보자,053003,토양 표면이 말랐을때 충분히 관수함,053003,토양 표면이 말랐을때 충분히 관수함,053003,토양 표면이 말랐을때 충분히 관수함,053004,화분 흙 대부분 말랐을때 충분히 관수함,"산성, 중성, 알칼리성 / 양질토, 모래 / 건조하고 배수가 잘되는 토양",083002,40 ~ 70%
65,무늬산호수,"거실 창측 (실내깊이 150~300cm),발코니 내측 (실내깊이 50~150cm),발코니 창측 (실내깊이 0~50cm)",082003,21~25℃,"중간 광도(800~1,500 Lux),높은 광도(1,500~10,000 Lux)",089001,초보자,053003,토양 표면이 말랐을때 충분히 관수함,053003,토양 표면이 말랐을때 충분히 관수함,053003,토양 표면이 말랐을때 충분히 관수함,053004,화분 흙 대부분 말랐을때 충분히 관수함,산성 / 양질토 / 건조하고 배수가 잘되는 토양,083002,40 ~ 70%
66,무늬석창포,"거실 창측 (실내깊이 150~300cm),발코니 내측 (실내깊이 50~150cm),발코니 창측 (실내깊이 0~50cm)",082003,21~25℃,"중간 광도(800~1,500 Lux),높은 광도(1,500~10,000 Lux)",089001,초보자,053002,흙을 촉촉하게 유지함(물에 잠기지 않도록 주의),053002,흙을 촉촉하게 유지함(물에 잠기지 않도록 주의),053002,흙을 촉촉하게 유지함(물에 잠기지 않도록 주의),053004,화분 흙 대부분 말랐을때 충분히 관수함,"산성, 중성 / 점토, 양질토, 모래",083002,40 ~ 70%
67,무늬쉐플레라'홍콩',"거실 창측 (실내깊이 150~300cm),발코니 내측 (실내깊이 50~150cm),발코니 창측 (실내깊이 0~50cm)",082003,21~25℃,"중간 광도(800~1,500 Lux),높은 광도(1,500~10,000 Lux)",089001,초보자,053003,토양 표면이 말랐을때 충분히 관수함,053003,토양 표면이 말랐을때 충분히 관수함,053003,토양 표면이 말랐을때 충분히 관수함,053004,화분 흙 대부분 말랐을때 충분히 관수함,"산성, 중성, 알칼리성 / 양질토, 모래",083002,40 ~ 70%
68,무늬알피니아,"거실 창측 (실내깊이 150~300cm),발코니 내측 (실내깊이 50~150cm),발코니 창측 (실내깊이 0~50cm)",082003,21~25℃,"중간 광도(800~1,500 Lux),높은 광도(1,500~10,000 Lux)",089001,초보자,,,,,,,,,,083002,40 ~ 70%
69,무늬유카,"발코니 내측 (실내깊이 50~150cm),발코니 창측 (실내깊이 0~50cm)",082003,21~25℃,"중간 광도(800~1,500 Lux),높은 광도(1,500~10,000 Lux)",089001,초보자,053003,토양 표면이 말랐을때 충분히 관수함,053003,토양 표면이 말랐을때 충분히 관수함,053003,토양 표면이 말랐을때 충분히 관수함,053004,화분 흙 대부분 말랐을때 충분히 관수함,가볍고 건조한 토양,083002,40 ~ 70%
70,무늬접란,"거실 창측 (실내깊이 150~300cm),발코니 내측 (실내깊이 50~150cm),발코니 창측 (실내깊이 0~50cm)",082003,21~25℃,"중간 광도(800~1,500 Lux),높은 광도(1,500~10,000 Lux)",089001,초보자,053003,토양 표면이 말랐을때 충분히 관수함,053003,토양 표면이 말랐을때 충분히 관수함,053003,토양 표면이 말랐을때 충분히 관수함,053004,화분 흙 대부분 말랐을때 충분히 관수함,"산성, 중성, 알칼리성 / 양질토, 모래",083002,40 ~ 70%
71,무늬털머위,"거실 창측 (실내깊이 150~300cm),발코니 내측 (실내깊이 50~150cm),발코니 창측 (실내깊이 0~50cm)",082002,16~20℃,"중간 광도(800~1,500 Lux),높은 광도(1,500~10,000 Lux)",089001,초보자,053003,토양 표면이 말랐을때 충분히 관수함,053003,토양 표면이 말랐을때 충분히 관수함,053003,토양 표면이 말랐을때 충분히 관수함,053003,토양 표면이 말랐을때 충분히 관수함,"양질토, 모래",083002,40 ~ 70%
72,무늬팻츠헤데라,"거실 창측 (실내깊이 150~300cm),발코니 내측 (실내깊이 50~150cm),발코니 창측 (실내깊이 0~50cm)",082002,16~20℃,"중간 광도(800~1,500 Lux),높은 광도(1,500~10,000 Lux)",,,053003,토양 표면이 말랐을때 충분히 관수함,053003,토양 표면이 말랐을때 충분히 관수함,053003,토양 표면이 말랐을때 충분히 관수함,053004,화분 흙 대부분 말랐을때 충분히 관수함,,083002,40 ~ 70%
73,무늬푸밀라고무나무,"거실 내측 (실내깊이 300~500cm),거실 창측 (실내깊이 150~300cm),발코니 내측 (실내깊이 50~150cm),발코니 창측 (실내깊이 0~50cm)",082003,21~25℃,"낮은 광도(300~800 Lux),중간 광도(800~1,500 Lux),높은 광도(1,500~10,000 Lux)",,,053003,토양 표면이 말랐을때 충분히 관수함,053003,토양 표면이 말랐을때 충분히 관수함,053003,토양 표면이 말랐을때 충분히 관수함,053004,화분 흙 대부분 말랐을때 충분히 관수함,,083002,40 ~ 70%
74,뮤렌베키아,"거실 내측 (실내깊이 300~500cm),거실 창측 (실내깊이 150~300cm),발코니 내측 (실내깊이 50~150cm)",082002,16~20℃,"낮은 광도(300~800 Lux),중간 광도(800~1,500 Lux)",,,,,,,,,,,,083002,40 ~ 70%
75,바위취,"거실 창측 (실내깊이 150~300cm),발코니 내측 (실내깊이 50~150cm),발코니 창측 (실내깊이 0~50cm)",082002,16~20℃,"중간 광도(800~1,500 Lux),높은 광도(1,500~10,000 Lux)",,,053003,토양 표면이 말랐을때 충분히 관수함,053003,토양 표면이 말랐을때 충분히 관수함,053003,토양 표면이 말랐을때 충분히 관수함,053004,화분 흙 대부분 말랐을때 충분히 관수함,,083002,40 ~ 70%
76,박쥐란,"거실 창측 (실내깊이 150~300cm),발코니 내측 (실내깊이 50~150cm),발코니 창측 (실내깊이 0~50cm)",082002,16~20℃,"중간 광도(800~1,500 Lux),높은 광도(1,500~10,000 Lux)",089003,전문가,053002,흙을 촉촉하게 유지함(물에 잠기지 않도록 주의),053002,흙을 촉촉하게 유지함(물에 잠기지 않도록 주의),053002,흙을 촉촉하게 유지함(물에 잠기지 않도록 주의),053003,토양 표면이 말랐을때 충분히 관수함,,083002,40 ~ 70%
77,반딧불털머위,"거실 창측 (실내깊이 150~300cm),발코니 내측 (실내깊이 50~150cm),발코니 창측 (실내깊이 0~50cm)",082002,16~20℃,"중간 광도(800~1,500 Lux),높은 광도(1,500~10,000 Lux)",089002,경험자,053003,토양 표면이 말랐을때 충분히 관수함,053003,토양 표면이 말랐을때 충분히 관수함,053003,토양 표면이 말랐을때 충분히 관수함,053003,토양 표면이 말랐을때 충분히 관수함,,083002,40 ~ 70%
78,백량금,"실내 어두운 곳 (실내깊이 500 이상cm),거실 내측 (실내깊이 300~500cm),거실 창측 (실내깊이 150~300cm),발코니 내측 (실내깊이 50~150cm),발코니 창측 (실내깊이 0~50cm)",082002,16~20℃,"낮은 광도(300~800 Lux),중간 광도(800~1,500 Lux),높은 광도(1,500~10,000 Lux)",,,053003,토양 표면이 말랐을때 충분히 관수함,053003,토양 표면이 말랐을때 충분히 관수함,053003,토양 표면이 말랐을때 충분히 관수함,053003,토양 표면이 말랐을때 충분히 관수함,,083002,40 ~ 70%
79,백정화,"발코니 내측 (실내깊이 50~150cm),발코니 창측 (실내깊이 0~50cm)",082002,16~20℃,"중간 광도(800~1,500 Lux),높은 광도(1,500~10,000 Lux)",089002,경험자,053003,토양 표면이 말랐을때 충분히 관수함,053003,토양 표면이 말랐을때 충분히 관수함,053003,토양 표면이 말랐을때 충분히 관수함,053004,화분 흙 대부분 말랐을때 충분히 관수함,,083002,40 ~ 70%
80,백화등,"거실 창측 (실내깊이 150~300cm),발코니 내측 (실내깊이 50~150cm),발코니 창측 (실내깊이 0~50cm)",082002,16~20℃,"중간 광도(800~1,500 Lux),높은 광도(1,500~10,000 Lux)",,,053002,흙을 촉촉하게 유지함(물에 잠기지 않도록 주의),053002,흙을 촉촉하게 유지함(물에 잠기지 않도록 주의),053002,흙을 촉촉하게 유지함(물에 잠기지 않도록 주의),053003,토양 표면이 말랐을때 충분히 관수함,,083002,40 ~ 70%
81,벤자민고무나무,"거실 내측 (실내깊이 300~500cm),발코니 내측 (실내깊이 50~150cm),발코니 창측 (실내깊이 0~50cm)",082003,21~25℃,"중간 광도(800~1,500 Lux),높은 광도(1,500~10,000 Lux)",,,053003,토양 표면이 말랐을때 충분히 관수함,053003,토양 표면이 말랐을때 충분히 관수함,053003,토양 표면이 말랐을때 충분히 관수함,053003,토양 표면이 말랐을때 충분히 관수함,,083002,40 ~ 70%
82,벤자민고무나무 '킹',"거실 내측 (실내깊이 300~500cm),거실 창측 (실내깊이 150~300cm),발코니 내측 (실내깊이 50~150cm),발코니 창측 (실내깊이 0~50cm)",082003,21~25℃,"낮은 광도(300~800 Lux),중간 광도(800~1,500 Lux),높은 광도(1,500~10,000 Lux)",,,053003,토양 표면이 말랐을때 충분히 관수함,053003,토양 표면이 말랐을때 충분히 관수함,053003,토양 표면이 말랐을때 충분히 관수함,053003,토양 표면이 말랐을때 충분히 관수함,,083002,40 ~ 70%
83,벵갈고무나무,"거실 창측 (실내깊이 150~300cm),발코니 내측 (실내깊이 50~150cm),발코니 창측 (실내깊이 0~50cm)",082003,21~25℃,"중간 광도(800~1,500 Lux),높은 광도(1,500~10,000 Lux)",,,053003,토양 표면이 말랐을때 충분히 관수함,053003,토양 표면이 말랐을때 충분히 관수함,053003,토양 표면이 말랐을때 충분히 관수함,053003,토양 표면이 말랐을때 충분히 관수함,,083002,40 ~ 70%
84,병솔나무,"거실 창측 (실내깊이 150~300cm),발코니 내측 (실내깊이 50~150cm),발코니 창측 (실내깊이 0~50cm)",082003,21~25℃,"높은 광도(1,500~10,000 Lux)",089002,경험자,053003,토양 표면이 말랐을때 충분히 관수함,053003,토양 표면이 말랐을때 충분히 관수함,053003,토양 표면이 말랐을때 충분히 관수함,053004,화분 흙 대부분 말랐을때 충분히 관수함,,083002,40 ~ 70%
85,보스톤고사리,"거실 내측 (실내깊이 300~500cm),거실 창측 (실내깊이 150~300cm),발코니 내측 (실내깊이 50~150cm)",082002,16~20℃,"중간 광도(800~1,500 Lux),높은 광도(1,500~10,000 Lux)",089001,초보자,053002,흙을 촉촉하게 유지함(물에 잠기지 않도록 주의),053002,흙을 촉촉하게 유지함(물에 잠기지 않도록 주의),053002,흙을 촉촉하게 유지함(물에 잠기지 않도록 주의),053003,토양 표면이 말랐을때 충분히 관수함,,083003,70% 이상
86,봉의꼬리,"거실 내측 (실내깊이 300~500cm),거실 창측 (실내깊이 150~300cm),발코니 내측 (실내깊이 50~150cm)",082002,16~20℃,"중간 광도(800~1,500 Lux),높은 광도(1,500~10,000 Lux)",,,053002,흙을 촉촉하게 유지함(물에 잠기지 않도록 주의),053002,흙을 촉촉하게 유지함(물에 잠기지 않도록 주의),053002,흙을 촉촉하게 유지함(물에 잠기지 않도록 주의),053003,토양 표면이 말랐을때 충분히 관수함,,083003,70% 이상
87,부겐빌레아,"거실 창측 (실내깊이 150~300cm),발코니 내측 (실내깊이 50~150cm),발코니 창측 (실내깊이 0~50cm)",082003,21~25℃,"중간 광도(800~1,500 Lux),높은 광도(1,500~10,000 Lux)",089001,초보자,053002,흙을 촉촉하게 유지함(물에 잠기지 않도록 주의),053002,흙을 촉촉하게 유지함(물에 잠기지 않도록 주의),053002,흙을 촉촉하게 유지함(물에 잠기지 않도록 주의),053002,흙을 촉촉하게 유지함(물에 잠기지 않도록 주의),,083002,40 ~ 70%
88,브룬펠시아,"거실 창측 (실내깊이 150~300cm),발코니 내측 (실내깊이 50~150cm),발코니 창측 (실내깊이 0~50cm)",082003,21~25℃,"중간 광도(800~1,500 Lux),높은 광도(1,500~10,000 Lux)",089001,초보자,053003,토양 표면이 말랐을때 충분히 관수함,053003,토양 표면이 말랐을때 충분히 관수함,053003,토양 표면이 말랐을때 충분히 관수함,053004,화분 흙 대부분 말랐을때 충분히 관수함,,083002,40 ~ 70%
89,브리세아,"거실 창측 (실내깊이 150~300cm),발코니 내측 (실내깊이 50~150cm),발코니 창측 (실내깊이 0~50cm)",082003,21~25℃,"중간 광도(800~1,500 Lux),높은 광도(1,500~10,000 Lux)",089001,초보자,053002,흙을 촉촉하게 유지함(물에 잠기지 않도록 주의),053002,흙을 촉촉하게 유지함(물에 잠기지 않도록 주의),053002,흙을 촉촉하게 유지함(물에 잠기지 않도록 주의),053003,토양 표면이 말랐을때 충분히 관수함,,083002,40 ~ 70%
90,비젯티접란,"거실 창측 (실내깊이 150~300cm),발코니 내측 (실내깊이 50~150cm),발코니 창측 (실내깊이 0~50cm)",082003,21~25℃,"낮은 광도(300~800 Lux),중간 광도(800~1,500 Lux),높은 광도(1,500~10,000 Lux)",,,053003,토양 표면이 말랐을때 충분히 관수함,053003,토양 표면이 말랐을때 충분히 관수함,053003,토양 표면이 말랐을때 충분히 관수함,053004,화분 흙 대부분 말랐을때 충분히 관수함,,083002,40 ~ 70%
91,비타툼접란,"거실 창측 (실내깊이 150~300cm),발코니 내측 (실내깊이 50~150cm),발코니 창측 (실내깊이 0~50cm)",082003,21~25℃,"낮은 광도(300~800 Lux),중간 광도(800~1,500 Lux),높은 광도(1,500~10,000 Lux)",,,053003,토양 표면이 말랐을때 충분히 관수함,053003,토양 표면이 말랐을때 충분히 관수함,053003,토양 표면이 말랐을때 충분히 관수함,053004,화분 흙 대부분 말랐을때 충분히 관수함,포름알데히드,083001,40% 미만
92,산세베리아,"실내 어두운 곳 (실내깊이 500 이상cm),거실 내측 (실내깊이 300~500cm),거실 창측 (실내깊이 150~300cm),발코니 내측 (실내깊이 50~150cm),발코니 창측 (실내깊이 0~50cm)",082003,21~25℃,"낮은 광도(300~800 Lux),중간 광도(800~1,500 Lux),높은 광도(1,500~10,000 Lux)",089001,초보자,053003,토양 표면이 말랐을때 충분히 관수함,053003,토양 표면이 말랐을때 충분히 관수함,053003,토양 표면이 말랐을때 충분히 관수함,053004,화분 흙 대부분 말랐을때 충분히 관수함,,083002,40 ~ 70%
93,산세베리아 '골든 하니',"실내 어두운 곳 (실내깊이 500 이상cm),거실 내측 (실내깊이 300~500cm),거실 창측 (실내깊이 150~300cm),발코니 내측 (실내깊이 50~150cm),발코니 창측 (실내깊이 0~50cm)",082003,21~25℃,"낮은 광도(300~800 Lux),중간 광도(800~1,500 Lux),높은 광도(1,500~10,000 Lux)",089001,초보자,053003,토양 표면이 말랐을때 충분히 관수함,053003,토양 표면이 말랐을때 충분히 관수함,053003,토양 표면이 말랐을때 충분히 관수함,053004,화분 흙 대부분 말랐을때 충분히 관수함,,083002,40 ~ 70%
94,산호수,"거실 내측 (실내깊이 300~500cm),거실 창측 (실내깊이 150~300cm),발코니 내측 (실내깊이 50~150cm)",082002,16~20℃,"낮은 광도(300~800 Lux),중간 광도(800~1,500 Lux),높은 광도(1,500~10,000 Lux)",089001,초보자,053003,토양 표면이 말랐을때 충분히 관수함,053003,토양 표면이 말랐을때 충분히 관수함,053003,토양 표면이 말랐을때 충분히 관수함,053004,화분 흙 대부분 말랐을때 충분히 관수함,,083002,40 ~ 70%
95,삼색데코라고무나무,"거실 창측 (실내깊이 150~300cm),발코니 내측 (실내깊이 50~150cm),발코니 창측 (실내깊이 0~50cm)",082003,21~25℃,"중간 광도(800~1,500 Lux),높은 광도(1,500~10,000 Lux)",089001,초보자,053003,토양 표면이 말랐을때 충분히 관수함,053003,토양 표면이 말랐을때 충분히 관수함,053003,토양 표면이 말랐을때 충분히 관수함,053004,화분 흙 대부분 말랐을때 충분히 관수함,,083002,40 ~ 70%
96,상록넉줄 고사리 '후마타',"실내 어두운 곳 (실내깊이 500 이상cm),거실 내측 (실내깊이 300~500cm),거실 창측 (실내깊이 150~300cm),발코니 내측 (실내깊이 50~150cm),발코니 창측 (실내깊이 0~50cm)",082002,16~20℃,"낮은 광도(300~800 Lux),중간 광도(800~1,500 Lux),높은 광도(1,500~10,000 Lux)",089001,초보자,053002,흙을 촉촉하게 유지함(물에 잠기지 않도록 주의),053002,흙을 촉촉하게 유지함(물에 잠기지 않도록 주의),053002,흙을 촉촉하게 유지함(물에 잠기지 않도록 주의),053003,토양 표면이 말랐을때 충분히 관수함,배수가 잘되는 토양이 좋다.,083003,70% 이상
97,새우란,"발코니 내측 (실내깊이 50~150cm),발코니 창측 (실내깊이 0~50cm)",082003,21~25℃,"중간 광도(800~1,500 Lux)",089002,경험자,053003,토양 표면이 말랐을때 충분히 관수함,053003,토양 표면이 말랐을때 충분히 관수함,053003,토양 표면이 말랐을때 충분히 관수함,053004,화분 흙 대부분 말랐을때 충분히 관수함,,083002,40 ~ 70%
98,석창포,"거실 창측 (실내깊이 150~300cm),발코니 내측 (실내깊이 50~150cm),발코니 창측 (실내깊이 0~50cm)",082002,16~20℃,"중간 광도(800~1,500 Lux),높은 광도(1,500~10,000 Lux)",089001,초보자,053002,흙을 촉촉하게 유지함(물에 잠기지 않도록 주의),053002,흙을 촉촉하게 유지함(물에 잠기지 않도록 주의),053002,흙을 촉촉하게 유지함(물에 잠기지 않도록 주의),053003,토양 표면이 말랐을때 충분히 관수함,,083002,40 ~ 70%
99,세네시오 라디칸스,"거실 창측 (실내깊이 150~300cm),발코니 내측 (실내깊이 50~150cm),발코니 창측 (실내깊이 0~50cm)",082003,21~25℃,"중간 광도(800~1,500 Lux),높은 광도(1,500~10,000 Lux)",089001,초보자,053003,토양 표면이 말랐을때 충분히 관수함,053003,토양 표면이 말랐을때 충분히 관수함,053003,토양 표면이 말랐을때 충분히 관수함,053003,토양 표면이 말랐을때 충분히 관수함,,083001,40% 미만
100,세이프릿지 야자,"발코니 내측 (실내깊이 50~150cm),발코니 창측 (실내깊이 0~50cm)",082003,21~25℃,"중간 광도(800~1,500 Lux),높은 광도(1,500~10,000 Lux)",,,053003,토양 표면이 말랐을때 충분히 관수함,053003,토양 표면이 말랐을때 충분히 관수함,053003,토양 표면이 말랐을때 충분히 관수함,053003,토양 표면이 말랐을때 충분히 관수함,,083002,40 ~ 70%
101,셀라기넬라,"거실 창측 (실내깊이 150~300cm),발코니 내측 (실내깊이 50~150cm),발코니 창측 (실내깊이 0~50cm)",082003,21~25℃,"중간 광도(800~1,500 Lux),높은 광도(1,500~10,000 Lux)",,,053002,흙을 촉촉하게 유지함(물에 잠기지 않도록 주의),053002,흙을 촉촉하게 유지함(물에 잠기지 않도록 주의),053002,흙을 촉촉하게 유지함(물에 잠기지 않도록 주의),053003,토양 표면이 말랐을때 충분히 관수함,,083003,70% 이상
102,소철,"거실 내측 (실내깊이 300~500cm),거실 창측 (실내깊이 150~300cm),발코니 내측 (실내깊이 50~150cm),발코니 창측 (실내깊이 0~50cm)",082003,21~25℃,"중간 광도(800~1,500 Lux),높은 광도(1,500~10,000 Lux)",089001,초보자,053003,토양 표면이 말랐을때 충분히 관수함,053003,토양 표면이 말랐을때 충분히 관수함,053003,토양 표면이 말랐을때 충분히 관수함,053004,화분 흙 대부분 말랐을때 충분히 관수함,,083002,40 ~ 70%
103,소피아 고무나무,"거실 내측 (실내깊이 300~500cm),거실 창측 (실내깊이 150~300cm),발코니 내측 (실내깊이 50~150cm),발코니 창측 (실내깊이 0~50cm)",,,"낮은 광도(300~800 Lux),중간 광도(800~1,500 Lux),높은 광도(1,500~10,000 Lux)",,,053003,토양 표면이 말랐을때 충분히 관수함,053003,토양 표면이 말랐을때 충분히 관수함,053003,토양 표면이 말랐을때 충분히 관수함,053004,화분 흙 대부분 말랐을때 충분히 관수함,,083002,40 ~ 70%
104,솔레이롤리아,"거실 창측 (실내깊이 150~300cm),발코니 내측 (실내깊이 50~150cm),발코니 창측 (실내깊이 0~50cm)",082002,16~20℃,"중간 광도(800~1,500 Lux),높은 광도(1,500~10,000 Lux)",,,053004,화분 흙 대부분 말랐을때 충분히 관수함,053004,화분 흙 대부분 말랐을때 충분히 관수함,053004,화분 흙 대부분 말랐을때 충분히 관수함,053004,화분 흙 대부분 말랐을때 충분히 관수함,,083002,40 ~ 70%
105,수박페페로미아,"거실 창측 (실내깊이 150~300cm),발코니 내측 (실내깊이 50~150cm),발코니 창측 (실내깊이 0~50cm)",082003,21~25℃,"중간 광도(800~1,500 Lux),높은 광도(1,500~10,000 Lux)",089002,경험자,053003,토양 표면이 말랐을때 충분히 관수함,053003,토양 표면이 말랐을때 충분히 관수함,053003,토양 표면이 말랐을때 충분히 관수함,053004,화분 흙 대부분 말랐을때 충분히 관수함,,083002,40 ~ 70%
106,수박필레아,"거실 창측 (실내깊이 150~300cm),발코니 내측 (실내깊이 50~150cm),발코니 창측 (실내깊이 0~50cm)",082003,21~25℃,"중간 광도(800~1,500 Lux),높은 광도(1,500~10,000 Lux)",,,053003,토양 표면이 말랐을때 충분히 관수함,053003,토양 표면이 말랐을때 충분히 관수함,053003,토양 표면이 말랐을때 충분히 관수함,053004,화분 흙 대부분 말랐을때 충분히 관수함,,083002,40 ~ 70%
107,수염 틸란드시아,"거실 내측 (실내깊이 300~500cm),거실 창측 (실내깊이 150~300cm),발코니 내측 (실내깊이 50~150cm),발코니 창측 (실내깊이 0~50cm)",082003,21~25℃,"중간 광도(800~1,500 Lux),높은 광도(1,500~10,000 Lux)",089002,경험자,,,,,,,,,,083003,70% 이상
108,숙근이베리스,"거실 창측 (실내깊이 150~300cm),발코니 내측 (실내깊이 50~150cm),발코니 창측 (실내깊이 0~50cm)",082003,21~25℃,"높은 광도(1,500~10,000 Lux)",089002,경험자,053003,토양 표면이 말랐을때 충분히 관수함,053003,토양 표면이 말랐을때 충분히 관수함,053003,토양 표면이 말랐을때 충분히 관수함,053004,화분 흙 대부분 말랐을때 충분히 관수함,,083002,40 ~ 70%
109,쉐플레라 '홍콩',"실내 어두운 곳 (실내깊이 500 이상cm),거실 내측 (실내깊이 300~500cm),거실 창측 (실내깊이 150~300cm),발코니 내측 (실내깊이 50~150cm),발코니 창측 (실내깊이 0~50cm)",082003,21~25℃,"낮은 광도(300~800 Lux),중간 광도(800~1,500 Lux),높은 광도(1,500~10,000 Lux)",089001,초보자,053003,토양 표면이 말랐을때 충분히 관수함,053003,토양 표면이 말랐을때 충분히 관수함,053003,토양 표면이 말랐을때 충분히 관수함,053004,화분 흙 대부분 말랐을때 충분히 관수함,,083002,40 ~ 70%
110,스킨답서스,"실내 어두운 곳 (실내깊이 500 이상cm),거실 내측 (실내깊이 300~500cm),거실 창측 (실내깊이 150~300cm),발코니 내측 (실내깊이 50~150cm),발코니 창측 (실내깊이 0~50cm)",082003,21~25℃,"낮은 광도(300~800 Lux),중간 광도(800~1,500 Lux),높은 광도(1,500~10,000 Lux)",,,053003,토양 표면이 말랐을때 충분히 관수함,053003,토양 표면이 말랐을때 충분히 관수함,053003,토양 표면이 말랐을때 충분히 관수함,053004,화분 흙 대부분 말랐을때 충분히 관수함,포름알데히드,083002,40 ~ 70%
111,스파티필룸,"실내 어두운 곳 (실내깊이 500 이상cm),거실 내측 (실내깊이 300~500cm),거실 창측 (실내깊이 150~300cm),발코니 내측 (실내깊이 50~150cm),발코니 창측 (실내깊이 0~50cm)",082003,21~25℃,"낮은 광도(300~800 Lux),중간 광도(800~1,500 Lux),높은 광도(1,500~10,000 Lux)",089002,경험자,053003,토양 표면이 말랐을때 충분히 관수함,053003,토양 표면이 말랐을때 충분히 관수함,053003,토양 표면이 말랐을때 충분히 관수함,053004,화분 흙 대부분 말랐을때 충분히 관수함,,083002,40 ~ 70%
112,스파티필룸 (광엽),"실내 어두운 곳 (실내깊이 500 이상cm),거실 내측 (실내깊이 300~500cm),거실 창측 (실내깊이 150~300cm),발코니 내측 (실내깊이 50~150cm),발코니 창측 (실내깊이 0~50cm)",082003,21~25℃,"낮은 광도(300~800 Lux),중간 광도(800~1,500 Lux),높은 광도(1,500~10,000 Lux)",,,053003,토양 표면이 말랐을때 충분히 관수함,053003,토양 표면이 말랐을때 충분히 관수함,053003,토양 표면이 말랐을때 충분히 관수함,053004,화분 흙 대부분 말랐을때 충분히 관수함,,083002,40 ~ 70%
113,시서스,"거실 내측 (실내깊이 300~500cm),거실 창측 (실내깊이 150~300cm),발코니 내측 (실내깊이 50~150cm),발코니 창측 (실내깊이 0~50cm)",082003,21~25℃,"중간 광도(800~1,500 Lux),높은 광도(1,500~10,000 Lux)",089002,경험자,053003,토양 표면이 말랐을때 충분히 관수함,053003,토양 표면이 말랐을때 충분히 관수함,053003,토양 표면이 말랐을때 충분히 관수함,053003,토양 표면이 말랐을때 충분히 관수함,부식토,083002,40 ~ 70%
114,시클라멘,"거실 창측 (실내깊이 150~300cm),발코니 내측 (실내깊이 50~150cm),발코니 창측 (실내깊이 0~50cm)",082002,16~20℃,"중간 광도(800~1,500 Lux),높은 광도(1,500~10,000 Lux)",089003,전문가,053003,토양 표면이 말랐을때 충분히 관수함,,,053003,토양 표면이 말랐을때 충분히 관수함,053003,토양 표면이 말랐을때 충분히 관수함,,083002,40 ~ 70%
115,심비디움,"발코니 내측 (실내깊이 50~150cm),발코니 창측 (실내깊이 0~50cm)",082003,21~25℃,"중간 광도(800~1,500 Lux),높은 광도(1,500~10,000 Lux)",089003,전문가,053004,화분 흙 대부분 말랐을때 충분히 관수함,053003,토양 표면이 말랐을때 충분히 관수함,053003,토양 표면이 말랐을때 충분히 관수함,053004,화분 흙 대부분 말랐을때 충분히 관수함,,083003,70% 이상
116,싱고니움,"거실 창측 (실내깊이 150~300cm),발코니 내측 (실내깊이 50~150cm),발코니 창측 (실내깊이 0~50cm)",082003,21~25℃,"중간 광도(800~1,500 Lux),높은 광도(1,500~10,000 Lux)",089002,경험자,053002,흙을 촉촉하게 유지함(물에 잠기지 않도록 주의),053002,흙을 촉촉하게 유지함(물에 잠기지 않도록 주의),053003,토양 표면이 말랐을때 충분히 관수함,053004,화분 흙 대부분 말랐을때 충분히 관수함,,083002,40 ~ 70%
117,아글라오네마,"실내 어두운 곳 (실내깊이 500 이상cm),거실 내측 (실내깊이 300~500cm),거실 창측 (실내깊이 150~300cm),발코니 내측 (실내깊이 50~150cm),발코니 창측 (실내깊이 0~50cm)",082003,21~25℃,"낮은 광도(300~800 Lux),중간 광도(800~1,500 Lux),높은 광도(1,500~10,000 Lux)",089002,경험자,053003,토양 표면이 말랐을때 충분히 관수함,053003,토양 표면이 말랐을때 충분히 관수함,053003,토양 표면이 말랐을때 충분히 관수함,053004,화분 흙 대부분 말랐을때 충분히 관수함,,083002,40 ~ 70%
118,아데니움,"거실 창측 (실내깊이 150~300cm),발코니 내측 (실내깊이 50~150cm),발코니 창측 (실내깊이 0~50cm)",082003,21~25℃,"높은 광도(1,500~10,000 Lux)",089002,경험자,053004,화분 흙 대부분 말랐을때 충분히 관수함,053004,화분 흙 대부분 말랐을때 충분히 관수함,053004,화분 흙 대부분 말랐을때 충분히 관수함,053004,화분 흙 대부분 말랐을때 충분히 관수함,배수 잘 됨,083002,40 ~ 70%
119,아디안텀,"거실 창측 (실내깊이 150~300cm),발코니 내측 (실내깊이 50~150cm),발코니 창측 (실내깊이 0~50cm)",082003,21~25℃,"중간 광도(800~1,500 Lux),높은 광도(1,500~10,000 Lux)",089002,경험자,053003,토양 표면이 말랐을때 충분히 관수함,053003,토양 표면이 말랐을때 충분히 관수함,053003,토양 표면이 말랐을때 충분히 관수함,053004,화분 흙 대부분 말랐을때 충분히 관수함,,083002,40 ~ 70%
120,아라우카리아,"거실 내측 (실내깊이 300~500cm),거실 창측 (실내깊이 150~300cm),발코니 내측 (실내깊이 50~150cm),발코니 창측 (실내깊이 0~50cm)",082003,21~25℃,"중간 광도(800~1,500 Lux),높은 광도(1,500~10,000 Lux)",089001,초보자,053003,토양 표면이 말랐을때 충분히 관수함,053003,토양 표면이 말랐을때 충분히 관수함,053003,토양 표면이 말랐을때 충분히 관수함,053004,화분 흙 대부분 말랐을때 충분히 관수함,,083002,40 ~ 70%
121,아레카야자,"거실 창측 (실내깊이 150~300cm),발코니 내측 (실내깊이 50~150cm),발코니 창측 (실내깊이 0~50cm)",082003,21~25℃,"중간 광도(800~1,500 Lux),높은 광도(1,500~10,000 Lux)",089002,경험자,053003,토양 표면이 말랐을때 충분히 관수함,053003,토양 표면이 말랐을때 충분히 관수함,053003,토양 표면이 말랐을때 충분히 관수함,053003,토양 표면이 말랐을때 충분히 관수함,증산율이 높기 때문에 수경재배나 지하관수로도 키울 수 있다. 수경재배나 지하관수를 하면,083002,40 ~ 70%
122,아마릴리스,"발코니 내측 (실내깊이 50~150cm),발코니 창측 (실내깊이 0~50cm)",082003,21~25℃,"높은 광도(1,500~10,000 Lux)",089001,초보자,053003,토양 표면이 말랐을때 충분히 관수함,053002,흙을 촉촉하게 유지함(물에 잠기지 않도록 주의),053003,토양 표면이 말랐을때 충분히 관수함,053004,화분 흙 대부분 말랐을때 충분히 관수함,,083002,40 ~ 70%
123,아스파라거스 풀루모수스,"거실 창측 (실내깊이 150~300cm),발코니 내측 (실내깊이 50~150cm),발코니 창측 (실내깊이 0~50cm)",082003,21~25℃,"중간 광도(800~1,500 Lux),높은 광도(1,500~10,000 Lux)",,,053002,흙을 촉촉하게 유지함(물에 잠기지 않도록 주의),053002,흙을 촉촉하게 유지함(물에 잠기지 않도록 주의),053002,흙을 촉촉하게 유지함(물에 잠기지 않도록 주의),053003,토양 표면이 말랐을때 충분히 관수함,,083002,40 ~ 70%
124,아스플레니움,"거실 내측 (실내깊이 300~500cm),거실 창측 (실내깊이 150~300cm),발코니 내측 (실내깊이 50~150cm),발코니 창측 (실내깊이 0~50cm)",082003,21~25℃,"중간 광도(800~1,500 Lux),높은 광도(1,500~10,000 Lux)",089002,경험자,053001,항상 흙을 축축하게 유지함(물에 잠김),053001,항상 흙을 축축하게 유지함(물에 잠김),053001,항상 흙을 축축하게 유지함(물에 잠김),053003,토양 표면이 말랐을때 충분히 관수함,,083002,40 ~ 70%
125,아왜나무,"거실 내측 (실내깊이 300~500cm),거실 창측 (실내깊이 150~300cm),발코니 내측 (실내깊이 50~150cm),발코니 창측 (실내깊이 0~50cm)",082002,16~20℃,"중간 광도(800~1,500 Lux),높은 광도(1,500~10,000 Lux)",089001,초보자,053003,토양 표면이 말랐을때 충분히 관수함,053003,토양 표면이 말랐을때 충분히 관수함,053003,토양 표면이 말랐을때 충분히 관수함,053004,화분 흙 대부분 말랐을때 충분히 관수함,,083002,40 ~ 70%
126,아이비,"거실 내측 (실내깊이 300~500cm),거실 창측 (실내깊이 150~300cm),발코니 내측 (실내깊이 50~150cm),발코니 창측 (실내깊이 0~50cm)",082002,16~20℃,"중간 광도(800~1,500 Lux),높은 광도(1,500~10,000 Lux)",089001,초보자,053002,흙을 촉촉하게 유지함(물에 잠기지 않도록 주의),053002,흙을 촉촉하게 유지함(물에 잠기지 않도록 주의),053002,흙을 촉촉하게 유지함(물에 잠기지 않도록 주의),053003,토양 표면이 말랐을때 충분히 관수함,,083002,40 ~ 70%
127,아펠란드라,"거실 창측 (실내깊이 150~300cm),발코니 내측 (실내깊이 50~150cm),발코니 창측 (실내깊이 0~50cm)",082003,21~25℃,"중간 광도(800~1,500 Lux),높은 광도(1,500~10,000 Lux)",,,053003,토양 표면이 말랐을때 충분히 관수함,053003,토양 표면이 말랐을때 충분히 관수함,053003,토양 표면이 말랐을때 충분히 관수함,053004,화분 흙 대부분 말랐을때 충분히 관수함,,083002,40 ~ 70%
128,아프리칸 바이올렛,"거실 창측 (실내깊이 150~300cm),발코니 내측 (실내깊이 50~150cm),발코니 창측 (실내깊이 0~50cm)",082002,16~20℃,"중간 광도(800~1,500 Lux),높은 광도(1,500~10,000 Lux)",089002,경험자,053003,토양 표면이 말랐을때 충분히 관수함,053003,토양 표면이 말랐을때 충분히 관수함,053003,토양 표면이 말랐을때 충분히 관수함,053003,토양 표면이 말랐을때 충분히 관수함,,083002,40 ~ 70%
129,안수리움,"거실 창측 (실내깊이 150~300cm),발코니 내측 (실내깊이 50~150cm),발코니 창측 (실내깊이 0~50cm)",082003,21~25℃,"중간 광도(800~1,500 Lux),높은 광도(1,500~10,000 Lux)",089002,경험자,053003,토양 표면이 말랐을때 충분히 관수함,053003,토양 표면이 말랐을때 충분히 관수함,053003,토양 표면이 말랐을때 충분히 관수함,053003,토양 표면이 말랐을때 충분히 관수함,"포름알데히드, 자일렌, 암모니아",083002,40 ~ 70%
130,알로카시아 아마조니카,"거실 창측 (실내깊이 150~300cm),발코니 내측 (실내깊이 50~150cm),발코니 창측 (실내깊이 0~50cm)",082003,21~25℃,"중간 광도(800~1,500 Lux),높은 광도(1,500~10,000 Lux)",089003,전문가,053002,흙을 촉촉하게 유지함(물에 잠기지 않도록 주의),053002,흙을 촉촉하게 유지함(물에 잠기지 않도록 주의),053002,흙을 촉촉하게 유지함(물에 잠기지 않도록 주의),053003,토양 표면이 말랐을때 충분히 관수함,,083002,40 ~ 70%
131,알로카시아 쿠쿨라타,"거실 내측 (실내깊이 300~500cm),거실 창측 (실내깊이 150~300cm),발코니 내측 (실내깊이 50~150cm),발코니 창측 (실내깊이 0~50cm)",082002,16~20℃,"중간 광도(800~1,500 Lux),높은 광도(1,500~10,000 Lux)",089001,초보자,053002,흙을 촉촉하게 유지함(물에 잠기지 않도록 주의),053002,흙을 촉촉하게 유지함(물에 잠기지 않도록 주의),053002,흙을 촉촉하게 유지함(물에 잠기지 않도록 주의),053003,토양 표면이 말랐을때 충분히 관수함,,083002,40 ~ 70%
132,얼룩자주달개비,"거실 창측 (실내깊이 150~300cm),발코니 내측 (실내깊이 50~150cm),발코니 창측 (실내깊이 0~50cm)",082003,21~25℃,"중간 광도(800~1,500 Lux),높은 광도(1,500~10,000 Lux)",089001,초보자,053003,토양 표면이 말랐을때 충분히 관수함,053003,토양 표면이 말랐을때 충분히 관수함,053003,토양 표면이 말랐을때 충분히 관수함,053004,화분 흙 대부분 말랐을때 충분히 관수함,,083002,40 ~ 70%
133,에메랄드리플 페페로미아,"거실 내측 (실내깊이 300~500cm),거실 창측 (실내깊이 150~300cm),발코니 내측 (실내깊이 50~150cm)",082003,21~25℃,"중간 광도(800~1,500 Lux),높은 광도(1,500~10,000 Lux)",089002,경험자,,,,,,,,,,083002,40 ~ 70%
134,에크메아 파시아타,"거실 창측 (실내깊이 150~300cm),발코니 내측 (실내깊이 50~150cm),발코니 창측 (실내깊이 0~50cm)",082003,21~25℃,"중간 광도(800~1,500 Lux),높은 광도(1,500~10,000 Lux)",089002,경험자,053003,토양 표면이 말랐을때 충분히 관수함,053003,토양 표면이 말랐을때 충분히 관수함,053003,토양 표면이 말랐을때 충분히 관수함,053003,토양 표면이 말랐을때 충분히 관수함,포름알데히드,083002,40 ~ 70%
135,엘라티올 베고니아,"거실 창측 (실내깊이 150~300cm),발코니 내측 (실내깊이 50~150cm),발코니 창측 (실내깊이 0~50cm)",082003,21~25℃,"높은 광도(1,500~10,000 Lux)",089002,경험자,053003,토양 표면이 말랐을때 충분히 관수함,053003,토양 표면이 말랐을때 충분히 관수함,053003,토양 표면이 말랐을때 충분히 관수함,053003,토양 표면이 말랐을때 충분히 관수함,"중성,산성 / 배수 잘 됨 / 타입-Loam",083002,40 ~ 70%
136,여우꼬리풀,"거실 창측 (실내깊이 150~300cm),발코니 내측 (실내깊이 50~150cm),발코니 창측 (실내깊이 0~50cm)",082003,21~25℃,"높은 광도(1,500~10,000 Lux)",089002,경험자,053004,화분 흙 대부분 말랐을때 충분히 관수함,053003,토양 표면이 말랐을때 충분히 관수함,053003,토양 표면이 말랐을때 충분히 관수함,053004,화분 흙 대부분 말랐을때 충분히 관수함,,083002,40 ~ 70%
137,엽란,"실내 어두운 곳 (실내깊이 500 이상cm),거실 내측 (실내깊이 300~500cm),거실 창측 (실내깊이 150~300cm),발코니 내측 (실내깊이 50~150cm),발코니 창측 (실내깊이 0~50cm)",082002,16~20℃,"낮은 광도(300~800 Lux),중간 광도(800~1,500 Lux),높은 광도(1,500~10,000 Lux)",089001,초보자,053003,토양 표면이 말랐을때 충분히 관수함,053003,토양 표면이 말랐을때 충분히 관수함,053003,토양 표면이 말랐을때 충분히 관수함,053004,화분 흙 대부분 말랐을때 충분히 관수함,"포름알데히드, 벤젠",083002,40 ~ 70%
138,옥살리스(사랑초),"거실 창측 (실내깊이 150~300cm),발코니 내측 (실내깊이 50~150cm),발코니 창측 (실내깊이 0~50cm)",082002,16~20℃,"중간 광도(800~1,500 Lux),높은 광도(1,500~10,000 Lux)",089002,경험자,053003,토양 표면이 말랐을때 충분히 관수함,053003,토양 표면이 말랐을때 충분히 관수함,053003,토양 표면이 말랐을때 충분히 관수함,053004,화분 흙 대부분 말랐을때 충분히 관수함,,083002,40 ~ 70%
139,온시디움,"거실 창측 (실내깊이 150~300cm),발코니 내측 (실내깊이 50~150cm),발코니 창측 (실내깊이 0~50cm)",082003,21~25℃,"중간 광도(800~1,500 Lux),높은 광도(1,500~10,000 Lux)",089002,경험자,053004,화분 흙 대부분 말랐을때 충분히 관수함,053003,토양 표면이 말랐을때 충분히 관수함,053004,화분 흙 대부분 말랐을때 충분히 관수함,053004,화분 흙 대부분 말랐을때 충분히 관수함,,083002,40 ~ 70%
140,왜란,"거실 창측 (실내깊이 150~300cm),발코니 내측 (실내깊이 50~150cm),발코니 창측 (실내깊이 0~50cm)",082001,10~15℃,"중간 광도(800~1,500 Lux),높은 광도(1,500~10,000 Lux)",089001,초보자,053003,토양 표면이 말랐을때 충분히 관수함,053003,토양 표면이 말랐을때 충분히 관수함,053003,토양 표면이 말랐을때 충분히 관수함,053004,화분 흙 대부분 말랐을때 충분히 관수함,,083002,40 ~ 70%
141,왜성종려죽,"거실 내측 (실내깊이 300~500cm),거실 창측 (실내깊이 150~300cm),발코니 내측 (실내깊이 50~150cm),발코니 창측 (실내깊이 0~50cm)",082002,16~20℃,"중간 광도(800~1,500 Lux),높은 광도(1,500~10,000 Lux)",089002,경험자,053003,토양 표면이 말랐을때 충분히 관수함,053003,토양 표면이 말랐을때 충분히 관수함,053003,토양 표면이 말랐을때 충분히 관수함,053004,화분 흙 대부분 말랐을때 충분히 관수함,"중성,산성,알칼리성 / 배수 잘 됨 / 타입-Loam, Sand",083002,40 ~ 70%
142,움벨라타 고무나무,"거실 창측 (실내깊이 150~300cm),발코니 내측 (실내깊이 50~150cm),발코니 창측 (실내깊이 0~50cm)",082003,21~25℃,"중간 광도(800~1,500 Lux),높은 광도(1,500~10,000 Lux)",089002,경험자,,,,,,,,,,083002,40 ~ 70%
143,유카,"거실 내측 (실내깊이 300~500cm),거실 창측 (실내깊이 150~300cm),발코니 내측 (실내깊이 50~150cm),발코니 창측 (실내깊이 0~50cm)",082003,21~25℃,"중간 광도(800~1,500 Lux),높은 광도(1,500~10,000 Lux)",089001,초보자,053003,토양 표면이 말랐을때 충분히 관수함,053003,토양 표면이 말랐을때 충분히 관수함,053003,토양 표면이 말랐을때 충분히 관수함,053004,화분 흙 대부분 말랐을때 충분히 관수함,,083002,40 ~ 70%
144,은사철나무,"발코니 내측 (실내깊이 50~150cm),발코니 창측 (실내깊이 0~50cm)",082002,16~20℃,"중간 광도(800~1,500 Lux),높은 광도(1,500~10,000 Lux)",,,053003,토양 표면이 말랐을때 충분히 관수함,053003,토양 표면이 말랐을때 충분히 관수함,053003,토양 표면이 말랐을때 충분히 관수함,053003,토양 표면이 말랐을때 충분히 관수함,,083002,40 ~ 70%
145,익소라,"거실 창측 (실내깊이 150~300cm),발코니 내측 (실내깊이 50~150cm),발코니 창측 (실내깊이 0~50cm)",082003,21~25℃,"중간 광도(800~1,500 Lux),높은 광도(1,500~10,000 Lux)",089002,경험자,053002,흙을 촉촉하게 유지함(물에 잠기지 않도록 주의),053002,흙을 촉촉하게 유지함(물에 잠기지 않도록 주의),053002,흙을 촉촉하게 유지함(물에 잠기지 않도록 주의),053004,화분 흙 대부분 말랐을때 충분히 관수함,,083002,40 ~ 70%
146,인삼벤자민,"거실 내측 (실내깊이 300~500cm),거실 창측 (실내깊이 150~300cm),발코니 내측 (실내깊이 50~150cm),발코니 창측 (실내깊이 0~50cm)",082003,21~25℃,"중간 광도(800~1,500 Lux),높은 광도(1,500~10,000 Lux)",089002,경험자,053003,토양 표면이 말랐을때 충분히 관수함,053003,토양 표면이 말랐을때 충분히 관수함,053003,토양 표면이 말랐을때 충분히 관수함,053004,화분 흙 대부분 말랐을때 충분히 관수함,,083002,40 ~ 70%
147,자금우,"실내 어두운 곳 (실내깊이 500 이상cm),거실 내측 (실내깊이 300~500cm),거실 창측 (실내깊이 150~300cm),발코니 내측 (실내깊이 50~150cm),발코니 창측 (실내깊이 0~50cm)",082002,16~20℃,"낮은 광도(300~800 Lux),중간 광도(800~1,500 Lux),높은 광도(1,500~10,000 Lux)",089001,초보자,053003,토양 표면이 말랐을때 충분히 관수함,053003,토양 표면이 말랐을때 충분히 관수함,053003,토양 표면이 말랐을때 충분히 관수함,053004,화분 흙 대부분 말랐을때 충분히 관수함,,083002,40 ~ 70%
148,자란,"발코니 내측 (실내깊이 50~150cm),발코니 창측 (실내깊이 0~50cm)",082002,16~20℃,"중간 광도(800~1,500 Lux)",089001,초보자,053004,화분 흙 대부분 말랐을때 충분히 관수함,053003,토양 표면이 말랐을때 충분히 관수함,053003,토양 표면이 말랐을때 충분히 관수함,053004,화분 흙 대부분 말랐을때 충분히 관수함,,083002,40 ~ 70%
149,자주색만년초,"거실 창측 (실내깊이 150~300cm),발코니 내측 (실내깊이 50~150cm),발코니 창측 (실내깊이 0~50cm)",082003,21~25℃,"중간 광도(800~1,500 Lux),높은 광도(1,500~10,000 Lux)",089002,경험자,053003,토양 표면이 말랐을때 충분히 관수함,053003,토양 표면이 말랐을때 충분히 관수함,053003,토양 표면이 말랐을때 충분히 관수함,053004,화분 흙 대부분 말랐을때 충분히 관수함,,083002,40 ~ 70%
150,접란,"거실 창측 (실내깊이 150~300cm),발코니 내측 (실내깊이 50~150cm),발코니 창측 (실내깊이 0~50cm)",082002,16~20℃,"중간 광도(800~1,500 Lux),높은 광도(1,500~10,000 Lux)",089001,초보자,053003,토양 표면이 말랐을때 충분히 관수함,053003,토양 표면이 말랐을때 충분히 관수함,053003,토양 표면이 말랐을때 충분히 관수함,053004,화분 흙 대부분 말랐을때 충분히 관수함,,083002,40 ~ 70%
151,제라니움,"거실 창측 (실내깊이 150~300cm),발코니 내측 (실내깊이 50~150cm),발코니 창측 (실내깊이 0~50cm)",082003,21~25℃,"중간 광도(800~1,500 Lux),높은 광도(1,500~10,000 Lux)",089001,초보자,053003,토양 표면이 말랐을때 충분히 관수함,053003,토양 표면이 말랐을때 충분히 관수함,053003,토양 표면이 말랐을때 충분히 관수함,053004,화분 흙 대부분 말랐을때 충분히 관수함,,083002,40 ~ 70%
152,좀마삭줄,"거실 창측 (실내깊이 150~300cm),발코니 내측 (실내깊이 50~150cm),발코니 창측 (실내깊이 0~50cm)",082002,16~20℃,"중간 광도(800~1,500 Lux),높은 광도(1,500~10,000 Lux)",089002,경험자,053002,흙을 촉촉하게 유지함(물에 잠기지 않도록 주의),053002,흙을 촉촉하게 유지함(물에 잠기지 않도록 주의),053002,흙을 촉촉하게 유지함(물에 잠기지 않도록 주의),053003,토양 표면이 말랐을때 충분히 관수함,,083002,40 ~ 70%
153,종려방동사니,"거실 창측 (실내깊이 150~300cm),발코니 내측 (실내깊이 50~150cm),발코니 창측 (실내깊이 0~50cm)",082002,16~20℃,"중간 광도(800~1,500 Lux),높은 광도(1,500~10,000 Lux)",089002,경험자,,,,,,,,,,083002,40 ~ 70%
154,종려죽,"거실 내측 (실내깊이 300~500cm),거실 창측 (실내깊이 150~300cm),발코니 내측 (실내깊이 50~150cm)",082002,16~20℃,"중간 광도(800~1,500 Lux),높은 광도(1,500~10,000 Lux)",089002,경험자,053003,토양 표면이 말랐을때 충분히 관수함,053003,토양 표면이 말랐을때 충분히 관수함,053003,토양 표면이 말랐을때 충분히 관수함,053004,화분 흙 대부분 말랐을때 충분히 관수함,,083002,40 ~ 70%
155,죽백나무,"거실 창측 (실내깊이 150~300cm),발코니 내측 (실내깊이 50~150cm),발코니 창측 (실내깊이 0~50cm)",082002,16~20℃,"중간 광도(800~1,500 Lux),높은 광도(1,500~10,000 Lux)",089001,초보자,053003,토양 표면이 말랐을때 충분히 관수함,053003,토양 표면이 말랐을때 충분히 관수함,053003,토양 표면이 말랐을때 충분히 관수함,053003,토양 표면이 말랐을때 충분히 관수함,,083002,40 ~ 70%
156,줄리아 페페로미아,"거실 창측 (실내깊이 150~300cm),발코니 내측 (실내깊이 50~150cm),발코니 창측 (실내깊이 0~50cm)",082003,21~25℃,"중간 광도(800~1,500 Lux),높은 광도(1,500~10,000 Lux)",089002,경험자,053003,토양 표면이 말랐을때 충분히 관수함,053003,토양 표면이 말랐을때 충분히 관수함,053003,토양 표면이 말랐을때 충분히 관수함,053004,화분 흙 대부분 말랐을때 충분히 관수함,,083002,40 ~ 70%
157,참쇠고비(섬쇠고비),"실내 어두운 곳 (실내깊이 500 이상cm),거실 내측 (실내깊이 300~500cm),거실 창측 (실내깊이 150~300cm),발코니 내측 (실내깊이 50~150cm),발코니 창측 (실내깊이 0~50cm)",082002,16~20℃,"낮은 광도(300~800 Lux),중간 광도(800~1,500 Lux),높은 광도(1,500~10,000 Lux)",089001,초보자,053002,흙을 촉촉하게 유지함(물에 잠기지 않도록 주의),053002,흙을 촉촉하게 유지함(물에 잠기지 않도록 주의),053002,흙을 촉촉하게 유지함(물에 잠기지 않도록 주의),053003,토양 표면이 말랐을때 충분히 관수함,,083003,70% 이상
158,치자나무,"발코니 내측 (실내깊이 50~150cm),발코니 창측 (실내깊이 0~50cm)",082003,21~25℃,"중간 광도(800~1,500 Lux),높은 광도(1,500~10,000 Lux)",089001,초보자,053004,화분 흙 대부분 말랐을때 충분히 관수함,053003,토양 표면이 말랐을때 충분히 관수함,053003,토양 표면이 말랐을때 충분히 관수함,053004,화분 흙 대부분 말랐을때 충분히 관수함,,083002,40 ~ 70%
159,칼라데아 마코야나,"거실 창측 (실내깊이 150~300cm),발코니 내측 (실내깊이 50~150cm)",082003,21~25℃,"중간 광도(800~1,500 Lux),높은 광도(1,500~10,000 Lux)",089002,경험자,053003,토양 표면이 말랐을때 충분히 관수함,053003,토양 표면이 말랐을때 충분히 관수함,053003,토양 표면이 말랐을때 충분히 관수함,053004,화분 흙 대부분 말랐을때 충분히 관수함,,083002,40 ~ 70%
160,칼라데아 인시그니스,"거실 창측 (실내깊이 150~300cm),발코니 내측 (실내깊이 50~150cm)",082003,21~25℃,"중간 광도(800~1,500 Lux),높은 광도(1,500~10,000 Lux)",089002,경험자,053003,토양 표면이 말랐을때 충분히 관수함,053003,토양 표면이 말랐을때 충분히 관수함,053003,토양 표면이 말랐을때 충분히 관수함,053004,화분 흙 대부분 말랐을때 충분히 관수함,,083002,40 ~ 70%
161,칼라데아 크로카타,"거실 창측 (실내깊이 150~300cm),발코니 내측 (실내깊이 50~150cm)",082003,21~25℃,"중간 광도(800~1,500 Lux),높은 광도(1,500~10,000 Lux)",,,053003,토양 표면이 말랐을때 충분히 관수함,053003,토양 표면이 말랐을때 충분히 관수함,053003,토양 표면이 말랐을때 충분히 관수함,053004,화분 흙 대부분 말랐을때 충분히 관수함,,083002,40 ~ 70%
162,칼라디움,"거실 창측 (실내깊이 150~300cm),발코니 내측 (실내깊이 50~150cm)",082003,21~25℃,"중간 광도(800~1,500 Lux),높은 광도(1,500~10,000 Lux)",089003,전문가,053003,토양 표면이 말랐을때 충분히 관수함,053003,토양 표면이 말랐을때 충분히 관수함,053003,토양 표면이 말랐을때 충분히 관수함,053004,화분 흙 대부분 말랐을때 충분히 관수함,,083002,40 ~ 70%
163,칼랑코에,"거실 창측 (실내깊이 150~300cm),발코니 내측 (실내깊이 50~150cm),발코니 창측 (실내깊이 0~50cm)",082002,16~20℃,"중간 광도(800~1,500 Lux),높은 광도(1,500~10,000 Lux)",089001,초보자,053003,토양 표면이 말랐을때 충분히 관수함,053003,토양 표면이 말랐을때 충분히 관수함,053003,토양 표면이 말랐을때 충분히 관수함,053004,화분 흙 대부분 말랐을때 충분히 관수함,"포름알데히드, 자일렌",083002,40 ~ 70%
164,커피나무,"거실 창측 (실내깊이 150~300cm),발코니 내측 (실내깊이 50~150cm),발코니 창측 (실내깊이 0~50cm)",082003,21~25℃,"높은 광도(1,500~10,000 Lux)",089002,경험자,053003,토양 표면이 말랐을때 충분히 관수함,053003,토양 표면이 말랐을때 충분히 관수함,053003,토양 표면이 말랐을때 충분히 관수함,053004,화분 흙 대부분 말랐을때 충분히 관수함,,083002,40 ~ 70%
165,켄챠야자,"거실 내측 (실내깊이 300~500cm),거실 창측 (실내깊이 150~300cm),발코니 내측 (실내깊이 50~150cm),발코니 창측 (실내깊이 0~50cm)",082003,21~25℃,"중간 광도(800~1,500 Lux),높은 광도(1,500~10,000 Lux)",089002,경험자,053003,토양 표면이 말랐을때 충분히 관수함,053003,토양 표면이 말랐을때 충분히 관수함,053003,토양 표면이 말랐을때 충분히 관수함,053003,토양 표면이 말랐을때 충분히 관수함,"포름알데히드, 벤젠, 톨루엔, 자일렌, 트리클로로 에틸렌",083002,40 ~ 70%
166,코르딜리네 레드에지,"거실 창측 (실내깊이 150~300cm),발코니 내측 (실내깊이 50~150cm),발코니 창측 (실내깊이 0~50cm)",082003,21~25℃,"중간 광도(800~1,500 Lux),높은 광도(1,500~10,000 Lux)",089002,경험자,053002,흙을 촉촉하게 유지함(물에 잠기지 않도록 주의),053002,흙을 촉촉하게 유지함(물에 잠기지 않도록 주의),053002,흙을 촉촉하게 유지함(물에 잠기지 않도록 주의),053003,토양 표면이 말랐을때 충분히 관수함,,083002,40 ~ 70%
167,크로톤,"거실 창측 (실내깊이 150~300cm),발코니 내측 (실내깊이 50~150cm),발코니 창측 (실내깊이 0~50cm)",082003,21~25℃,"중간 광도(800~1,500 Lux),높은 광도(1,500~10,000 Lux)",089002,경험자,053003,토양 표면이 말랐을때 충분히 관수함,053003,토양 표면이 말랐을때 충분히 관수함,053003,토양 표면이 말랐을때 충분히 관수함,053004,화분 흙 대부분 말랐을때 충분히 관수함,,083002,40 ~ 70%
168,크로톤,"거실 창측 (실내깊이 150~300cm),발코니 내측 (실내깊이 50~150cm),발코니 창측 (실내깊이 0~50cm)",082003,21~25℃,"중간 광도(800~1,500 Lux),높은 광도(1,500~10,000 Lux)",089002,경험자,053003,토양 표면이 말랐을때 충분히 관수함,053003,토양 표면이 말랐을때 충분히 관수함,053003,토양 표면이 말랐을때 충분히 관수함,053004,화분 흙 대부분 말랐을때 충분히 관수함,,083002,40 ~ 70%
169,크립탄서스,"거실 창측 (실내깊이 150~300cm),발코니 내측 (실내깊이 50~150cm),발코니 창측 (실내깊이 0~50cm)",082003,21~25℃,"중간 광도(800~1,500 Lux),높은 광도(1,500~10,000 Lux)",,,053003,토양 표면이 말랐을때 충분히 관수함,053003,토양 표면이 말랐을때 충분히 관수함,053003,토양 표면이 말랐을때 충분히 관수함,053003,토양 표면이 말랐을때 충분히 관수함,,083002,40 ~ 70%
170,클레마티스,발코니 창측 (실내깊이 0~50cm),082003,21~25℃,"높은 광도(1,500~10,000 Lux)",089002,경험자,053002,흙을 촉촉하게 유지함(물에 잠기지 않도록 주의),053002,흙을 촉촉하게 유지함(물에 잠기지 않도록 주의),053002,흙을 촉촉하게 유지함(물에 잠기지 않도록 주의),053003,토양 표면이 말랐을때 충분히 관수함,,,
171,털달개비,"거실 창측 (실내깊이 150~300cm),발코니 내측 (실내깊이 50~150cm),발코니 창측 (실내깊이 0~50cm)",082003,21~25℃,"높은 광도(1,500~10,000 Lux)",089002,경험자,053004,화분 흙 대부분 말랐을때 충분히 관수함,053003,토양 표면이 말랐을때 충분히 관수함,053003,토양 표면이 말랐을때 충분히 관수함,053004,화분 흙 대부분 말랐을때 충분히 관수함,,083002,40 ~ 70%
172,털머위,"거실 창측 (실내깊이 150~300cm),발코니 내측 (실내깊이 50~150cm),발코니 창측 (실내깊이 0~50cm)",082002,16~20℃,"낮은 광도(300~800 Lux),중간 광도(800~1,500 Lux),높은 광도(1,500~10,000 Lux)",,,053003,토양 표면이 말랐을때 충분히 관수함,053003,토양 표면이 말랐을때 충분히 관수함,053003,토양 표면이 말랐을때 충분히 관수함,053003,토양 표면이 말랐을때 충분히 관수함,,083002,40 ~ 70%
173,테이블야자,"실내 어두운 곳 (실내깊이 500 이상cm),거실 내측 (실내깊이 300~500cm),거실 창측 (실내깊이 150~300cm),발코니 내측 (실내깊이 50~150cm),발코니 창측 (실내깊이 0~50cm)",082003,21~25℃,"중간 광도(800~1,500 Lux),높은 광도(1,500~10,000 Lux)",089001,초보자,053002,흙을 촉촉하게 유지함(물에 잠기지 않도록 주의),053002,흙을 촉촉하게 유지함(물에 잠기지 않도록 주의),053002,흙을 촉촉하게 유지함(물에 잠기지 않도록 주의),053004,화분 흙 대부분 말랐을때 충분히 관수함,"포름알데히드, 벤젠, 톨루엔, 트리클로로 에틸렌, 암모니아",083002,40 ~ 70%
174,톨미아,"거실 내측 (실내깊이 300~500cm),거실 창측 (실내깊이 150~300cm),발코니 내측 (실내깊이 50~150cm),발코니 창측 (실내깊이 0~50cm)",082003,21~25℃,"중간 광도(800~1,500 Lux),높은 광도(1,500~10,000 Lux)",089002,경험자,,,,,,,,,,083002,40 ~ 70%
175,틸란드시아,"거실 창측 (실내깊이 150~300cm),발코니 내측 (실내깊이 50~150cm)",082003,21~25℃,"중간 광도(800~1,500 Lux),높은 광도(1,500~10,000 Lux)",089002,경험자,053003,토양 표면이 말랐을때 충분히 관수함,053003,토양 표면이 말랐을때 충분히 관수함,053003,토양 표면이 말랐을때 충분히 관수함,053004,화분 흙 대부분 말랐을때 충분히 관수함,,083002,40 ~ 70%
176,파키라,"거실 내측 (실내깊이 300~500cm),거실 창측 (실내깊이 150~300cm),발코니 내측 (실내깊이 50~150cm)",082003,21~25℃,"중간 광도(800~1,500 Lux),높은 광도(1,500~10,000 Lux)",089002,경험자,053003,토양 표면이 말랐을때 충분히 관수함,053003,토양 표면이 말랐을때 충분히 관수함,053003,토양 표면이 말랐을때 충분히 관수함,053004,화분 흙 대부분 말랐을때 충분히 관수함,,083002,40 ~ 70%
177,파피오페딜럼,"거실 창측 (실내깊이 150~300cm),발코니 내측 (실내깊이 50~150cm),발코니 창측 (실내깊이 0~50cm)",082003,21~25℃,"중간 광도(800~1,500 Lux)",089003,전문가,053004,화분 흙 대부분 말랐을때 충분히 관수함,053003,토양 표면이 말랐을때 충분히 관수함,053003,토양 표면이 말랐을때 충분히 관수함,053004,화분 흙 대부분 말랐을때 충분히 관수함,,083003,70% 이상
178,팔레놉시스(호접란),"거실 내측 (실내깊이 300~500cm),거실 창측 (실내깊이 150~300cm),발코니 내측 (실내깊이 50~150cm),발코니 창측 (실내깊이 0~50cm)",082003,21~25℃,"중간 광도(800~1,500 Lux),높은 광도(1,500~10,000 Lux)",089003,전문가,053003,토양 표면이 말랐을때 충분히 관수함,053003,토양 표면이 말랐을때 충분히 관수함,053003,토양 표면이 말랐을때 충분히 관수함,053004,화분 흙 대부분 말랐을때 충분히 관수함,,083002,40 ~ 70%
179,팔손이나무,"거실 내측 (실내깊이 300~500cm),거실 창측 (실내깊이 150~300cm),발코니 내측 (실내깊이 50~150cm),발코니 창측 (실내깊이 0~50cm)",082002,16~20℃,"중간 광도(800~1,500 Lux),높은 광도(1,500~10,000 Lux)",089001,초보자,053003,토양 표면이 말랐을때 충분히 관수함,053003,토양 표면이 말랐을때 충분히 관수함,053003,토양 표면이 말랐을때 충분히 관수함,053004,화분 흙 대부분 말랐을때 충분히 관수함,,083002,40 ~ 70%
180,팬더 고무나무,"거실 창측 (실내깊이 150~300cm),발코니 내측 (실내깊이 50~150cm),발코니 창측 (실내깊이 0~50cm)",082003,21~25℃,"중간 광도(800~1,500 Lux),높은 광도(1,500~10,000 Lux)",089002,경험자,053003,토양 표면이 말랐을때 충분히 관수함,053003,토양 표면이 말랐을때 충분히 관수함,053003,토양 표면이 말랐을때 충분히 관수함,053004,화분 흙 대부분 말랐을때 충분히 관수함,,083002,40 ~ 70%
181,팻츠헤데라,"거실 창측 (실내깊이 150~300cm),발코니 내측 (실내깊이 50~150cm),발코니 창측 (실내깊이 0~50cm)",082002,16~20℃,"중간 광도(800~1,500 Lux),높은 광도(1,500~10,000 Lux)",089001,초보자,053003,토양 표면이 말랐을때 충분히 관수함,053003,토양 표면이 말랐을때 충분히 관수함,053003,토양 표면이 말랐을때 충분히 관수함,053003,토양 표면이 말랐을때 충분히 관수함,,083002,40 ~ 70%
182,페페로미아 오브투시폴리아,"거실 내측 (실내깊이 300~500cm),거실 창측 (실내깊이 150~300cm),발코니 내측 (실내깊이 50~150cm)",082003,21~25℃,"중간 광도(800~1,500 Lux),높은 광도(1,500~10,000 Lux)",089002,경험자,053003,토양 표면이 말랐을때 충분히 관수함,053003,토양 표면이 말랐을때 충분히 관수함,053003,토양 표면이 말랐을때 충분히 관수함,053004,화분 흙 대부분 말랐을때 충분히 관수함,,083002,40 ~ 70%
183,페페로미아 클루시폴리아,"거실 내측 (실내깊이 300~500cm),거실 창측 (실내깊이 150~300cm),발코니 내측 (실내깊이 50~150cm)",082003,21~25℃,"중간 광도(800~1,500 Lux),높은 광도(1,500~10,000 Lux)",089002,경험자,053003,토양 표면이 말랐을때 충분히 관수함,053003,토양 표면이 말랐을때 충분히 관수함,053003,토양 표면이 말랐을때 충분히 관수함,053004,화분 흙 대부분 말랐을때 충분히 관수함,,083002,40 ~ 70%
184,페페로미아 푸테올라타,"거실 내측 (실내깊이 300~500cm),거실 창측 (실내깊이 150~300cm),발코니 내측 (실내깊이 50~150cm),발코니 창측 (실내깊이 0~50cm)",082003,21~25℃,"중간 광도(800~1,500 Lux),높은 광도(1,500~10,000 Lux)",089002,경험자,053003,토양 표면이 말랐을때 충분히 관수함,053003,토양 표면이 말랐을때 충분히 관수함,053003,토양 표면이 말랐을때 충분히 관수함,053004,화분 흙 대부분 말랐을때 충분히 관수함,,083002,40 ~ 70%
185,포인세티아,"거실 창측 (실내깊이 150~300cm),발코니 내측 (실내깊이 50~150cm),발코니 창측 (실내깊이 0~50cm)",082003,21~25℃,"높은 광도(1,500~10,000 Lux)",089002,경험자,053002,흙을 촉촉하게 유지함(물에 잠기지 않도록 주의),053002,흙을 촉촉하게 유지함(물에 잠기지 않도록 주의),053002,흙을 촉촉하게 유지함(물에 잠기지 않도록 주의),053003,토양 표면이 말랐을때 충분히 관수함,,083002,40 ~ 70%
186,폴리시아스,"거실 내측 (실내깊이 300~500cm),거실 창측 (실내깊이 150~300cm),발코니 내측 (실내깊이 50~150cm)",082003,21~25℃,"중간 광도(800~1,500 Lux),높은 광도(1,500~10,000 Lux)",089002,경험자,053003,토양 표면이 말랐을때 충분히 관수함,053003,토양 표면이 말랐을때 충분히 관수함,053003,토양 표면이 말랐을때 충분히 관수함,053004,화분 흙 대부분 말랐을때 충분히 관수함,,083002,40 ~ 70%
187,푸밀라고무나무,"거실 창측 (실내깊이 150~300cm),발코니 내측 (실내깊이 50~150cm),발코니 창측 (실내깊이 0~50cm)",082003,21~25℃,"중간 광도(800~1,500 Lux),높은 광도(1,500~10,000 Lux)",,,053002,흙을 촉촉하게 유지함(물에 잠기지 않도록 주의),053002,흙을 촉촉하게 유지함(물에 잠기지 않도록 주의),053002,흙을 촉촉하게 유지함(물에 잠기지 않도록 주의),053003,토양 표면이 말랐을때 충분히 관수함,,083002,40 ~ 70%
188,프테리스,"실내 어두운 곳 (실내깊이 500 이상cm),거실 내측 (실내깊이 300~500cm),거실 창측 (실내깊이 150~300cm),발코니 내측 (실내깊이 50~150cm),발코니 창측 (실내깊이 0~50cm)",082003,21~25℃,"낮은 광도(300~800 Lux),중간 광도(800~1,500 Lux),높은 광도(1,500~10,000 Lux)",089001,초보자,053002,흙을 촉촉하게 유지함(물에 잠기지 않도록 주의),053002,흙을 촉촉하게 유지함(물에 잠기지 않도록 주의),053002,흙을 촉촉하게 유지함(물에 잠기지 않도록 주의),053003,토양 표면이 말랐을때 충분히 관수함,,083003,70% 이상
189,피라칸사,"발코니 내측 (실내깊이 50~150cm),발코니 창측 (실내깊이 0~50cm)",082002,16~20℃,"높은 광도(1,500~10,000 Lux)",089002,경험자,053002,흙을 촉촉하게 유지함(물에 잠기지 않도록 주의),053002,흙을 촉촉하게 유지함(물에 잠기지 않도록 주의),053003,토양 표면이 말랐을때 충분히 관수함,053004,화분 흙 대부분 말랐을때 충분히 관수함,,083002,40 ~ 70%
190,피토니아 핑크스타,"거실 내측 (실내깊이 300~500cm),거실 창측 (실내깊이 150~300cm),발코니 내측 (실내깊이 50~150cm)",082003,21~25℃,"중간 광도(800~1,500 Lux),높은 광도(1,500~10,000 Lux)",089002,경험자,053003,토양 표면이 말랐을때 충분히 관수함,053003,토양 표면이 말랐을때 충분히 관수함,053003,토양 표면이 말랐을때 충분히 관수함,053004,화분 흙 대부분 말랐을때 충분히 관수함,,083002,40 ~ 70%
191,피토니아 화이트스타,"거실 내측 (실내깊이 300~500cm),거실 창측 (실내깊이 150~300cm),발코니 내측 (실내깊이 50~150cm)",082003,21~25℃,"중간 광도(800~1,500 Lux),높은 광도(1,500~10,000 Lux)",089002,경험자,053003,토양 표면이 말랐을때 충분히 관수함,053003,토양 표면이 말랐을때 충분히 관수함,053003,토양 표면이 말랐을때 충분히 관수함,053004,화분 흙 대부분 말랐을때 충분히 관수함,,083002,40 ~ 70%
192,픽투라툼 접란,"거실 창측 (실내깊이 150~300cm),발코니 내측 (실내깊이 50~150cm),발코니 창측 (실내깊이 0~50cm)",082003,21~25℃,"중간 광도(800~1,500 Lux),높은 광도(1,500~10,000 Lux)",089001,초보자,053003,토양 표면이 말랐을때 충분히 관수함,053003,토양 표면이 말랐을때 충분히 관수함,053003,토양 표면이 말랐을때 충분히 관수함,053004,화분 흙 대부분 말랐을때 충분히 관수함,,083002,40 ~ 70%
193,"필레아 글라우카(타라, 블루체인)","거실 내측 (실내깊이 300~500cm),거실 창측 (실내깊이 150~300cm),발코니 내측 (실내깊이 50~150cm),발코니 창측 (실내깊이 0~50cm)",082003,21~25℃,"중간 광도(800~1,500 Lux),높은 광도(1,500~10,000 Lux)",089001,초보자,053003,토양 표면이 말랐을때 충분히 관수함,053003,토양 표면이 말랐을때 충분히 관수함,053003,토양 표면이 말랐을때 충분히 관수함,053004,화분 흙 대부분 말랐을때 충분히 관수함,,083002,40 ~ 70%
194,필로덴드론 '선라이트',"거실 내측 (실내깊이 300~500cm),거실 창측 (실내깊이 150~300cm),발코니 내측 (실내깊이 50~150cm),발코니 창측 (실내깊이 0~50cm)",082003,21~25℃,"중간 광도(800~1,500 Lux),높은 광도(1,500~10,000 Lux)",089002,경험자,053003,토양 표면이 말랐을때 충분히 관수함,053003,토양 표면이 말랐을때 충분히 관수함,053003,토양 표면이 말랐을때 충분히 관수함,053004,화분 흙 대부분 말랐을때 충분히 관수함,,083002,40 ~ 70%
195,필로덴드론 '제나두',"거실 내측 (실내깊이 300~500cm),거실 창측 (실내깊이 150~300cm),발코니 내측 (실내깊이 50~150cm)",082003,21~25℃,"중간 광도(800~1,500 Lux),높은 광도(1,500~10,000 Lux)",089002,경험자,053003,토양 표면이 말랐을때 충분히 관수함,053003,토양 표면이 말랐을때 충분히 관수함,053003,토양 표면이 말랐을때 충분히 관수함,053004,화분 흙 대부분 말랐을때 충분히 관수함,,083002,40 ~ 70%
196,필로덴드론 고엘디,"거실 내측 (실내깊이 300~500cm),거실 창측 (실내깊이 150~300cm),발코니 내측 (실내깊이 50~150cm)",082003,21~25℃,"중간 광도(800~1,500 Lux),높은 광도(1,500~10,000 Lux)",089002,경험자,053003,토양 표면이 말랐을때 충분히 관수함,053003,토양 표면이 말랐을때 충분히 관수함,053003,토양 표면이 말랐을때 충분히 관수함,053004,화분 흙 대부분 말랐을때 충분히 관수함,,083002,40 ~ 70%
197,필로덴드론 레몬라임,"거실 창측 (실내깊이 150~300cm),발코니 내측 (실내깊이 50~150cm),발코니 창측 (실내깊이 0~50cm)",082003,21~25℃,"중간 광도(800~1,500 Lux),높은 광도(1,500~10,000 Lux)",089002,경험자,053003,토양 표면이 말랐을때 충분히 관수함,053003,토양 표면이 말랐을때 충분히 관수함,053003,토양 표면이 말랐을때 충분히 관수함,053004,화분 흙 대부분 말랐을때 충분히 관수함,,083002,40 ~ 70%
198,필로덴드론 셀로움,"거실 내측 (실내깊이 300~500cm),거실 창측 (실내깊이 150~300cm),발코니 내측 (실내깊이 50~150cm)",082003,21~25℃,"중간 광도(800~1,500 Lux),높은 광도(1,500~10,000 Lux)",089002,경험자,053003,토양 표면이 말랐을때 충분히 관수함,053003,토양 표면이 말랐을때 충분히 관수함,053003,토양 표면이 말랐을때 충분히 관수함,053004,화분 흙 대부분 말랐을때 충분히 관수함,,083002,40 ~ 70%
199,필로덴드론 옥시카르디움,"실내 어두운 곳 (실내깊이 500 이상cm),거실 내측 (실내깊이 300~500cm),거실 창측 (실내깊이 150~300cm),발코니 내측 (실내깊이 50~150cm)",082003,21~25℃,"중간 광도(800~1,500 Lux),높은 광도(1,500~10,000 Lux)",089002,경험자,053003,토양 표면이 말랐을때 충분히 관수함,053003,토양 표면이 말랐을때 충분히 관수함,053003,토양 표면이 말랐을때 충분히 관수함,053004,화분 흙 대부분 말랐을때 충분히 관수함,,083002,40 ~ 70%
200,필로덴드론 콩고,"거실 내측 (실내깊이 300~500cm),거실 창측 (실내깊이 150~300cm),발코니 내측 (실내깊이 50~150cm)",082003,21~25℃,"중간 광도(800~1,500 Lux),높은 광도(1,500~10,000 Lux)",089002,경험자,053003,토양 표면이 말랐을때 충분히 관수함,053003,토양 표면이 말랐을때 충분히 관수함,053003,토양 표면이 말랐을때 충분히 관수함,053004,화분 흙 대부분 말랐을때 충분히 관수함,,083002,40 ~ 70%
201,해마리아,"실내 어두운 곳 (실내깊이 500 이상cm),거실 내측 (실내깊이 300~500cm),거실 창측 (실내깊이 150~300cm),발코니 내측 (실내깊이 50~150cm),발코니 창측 (실내깊이 0~50cm)",082003,21~25℃,"낮은 광도(300~800 Lux),중간 광도(800~1,500 Lux),높은 광도(1,500~10,000 Lux)",089003,전문가,053002,흙을 촉촉하게 유지함(물에 잠기지 않도록 주의),053002,흙을 촉촉하게 유지함(물에 잠기지 않도록 주의),053002,흙을 촉촉하게 유지함(물에 잠기지 않도록 주의),053004,화분 흙 대부분 말랐을때 충분히 관수함,,083002,40 ~ 70%
202,행운목,"거실 내측 (실내깊이 300~500cm),거실 창측 (실내깊이 150~300cm),발코니 내측 (실내깊이 50~150cm)",082003,21~25℃,"중간 광도(800~1,500 Lux),높은 광도(1,500~10,000 Lux)",089001,초보자,053002,흙을 촉촉하게 유지함(물에 잠기지 않도록 주의),053002,흙을 촉촉하게 유지함(물에 잠기지 않도록 주의),053002,흙을 촉촉하게 유지함(물에 잠기지 않도록 주의),053003,토양 표면이 말랐을때 충분히 관수함,,083002,40 ~ 70%
203,헤미오니티스(하트펀),"거실 내측 (실내깊이 300~500cm),거실 창측 (실내깊이 150~300cm),발코니 내측 (실내깊이 50~150cm)",082003,21~25℃,"중간 광도(800~1,500 Lux),높은 광도(1,500~10,000 Lux)",089002,경험자,053002,흙을 촉촉하게 유지함(물에 잠기지 않도록 주의),053002,흙을 촉촉하게 유지함(물에 잠기지 않도록 주의),053002,흙을 촉촉하게 유지함(물에 잠기지 않도록 주의),053003,토양 표면이 말랐을때 충분히 관수함,,083003,70% 이상
204,헤테로파낙스 프라그란스 (해피트리),"거실 창측 (실내깊이 150~300cm),발코니 내측 (실내깊이 50~150cm),발코니 창측 (실내깊이 0~50cm)",082003,21~25℃,"중간 광도(800~1,500 Lux),높은 광도(1,500~10,000 Lux)",089002,경험자,053003,토양 표면이 말랐을때 충분히 관수함,053003,토양 표면이 말랐을때 충분히 관수함,053003,토양 표면이 말랐을때 충분히 관수함,053004,화분 흙 대부분 말랐을때 충분히 관수함,,083002,40 ~ 70%
205,협죽도,"발코니 내측 (실내깊이 50~150cm),발코니 창측 (실내깊이 0~50cm)",082003,21~25℃,"높은 광도(1,500~10,000 Lux)",089001,초보자,053003,토양 표면이 말랐을때 충분히 관수함,053002,흙을 촉촉하게 유지함(물에 잠기지 않도록 주의),053003,토양 표면이 말랐을때 충분히 관수함,053004,화분 흙 대부분 말랐을때 충분히 관수함,,083002,40 ~ 70%
206,형광스킨답서스,"거실 내측 (실내깊이 300~500cm),거실 창측 (실내깊이 150~300cm),발코니 내측 (실내깊이 50~150cm)",082003,21~25℃,"중간 광도(800~1,500 Lux),높은 광도(1,500~10,000 Lux)",089002,경험자,053003,토양 표면이 말랐을때 충분히 관수함,053003,토양 표면이 말랐을때 충분히 관수함,053003,토양 표면이 말랐을때 충분히 관수함,053004,화분 흙 대부분 말랐을때 충분히 관수함,,083002,40 ~ 70%
207,호야,"거실 창측 (실내깊이 150~300cm),발코니 내측 (실내깊이 50~150cm),발코니 창측 (실내깊이 0~50cm)",082003,21~25℃,"중간 광도(800~1,500 Lux),높은 광도(1,500~10,000 Lux)",089002,경험자,053003,토양 표면이 말랐을때 충분히 관수함,053003,토양 표면이 말랐을때 충분히 관수함,053003,토양 표면이 말랐을때 충분히 관수함,053004,화분 흙 대부분 말랐을때 충분히 관수함,,083002,40 ~ 70%
208,호야 엑소티카,"거실 창측 (실내깊이 150~300cm),발코니 내측 (실내깊이 50~150cm),발코니 창측 (실내깊이 0~50cm)",082003,21~25℃,"중간 광도(800~1,500 Lux),높은 광도(1,500~10,000 Lux)",089002,경험자,,,,,,,,,,083002,40 ~ 70%
209,호주매,"거실 창측 (실내깊이 150~300cm),발코니 내측 (실내깊이 50~150cm),발코니 창측 (실내깊이 0~50cm)",082003,21~25℃,"높은 광도(1,500~10,000 Lux)",089002,경험자,053004,화분 흙 대부분 말랐을때 충분히 관수함,053003,토양 표면이 말랐을때 충분히 관수함,053003,토양 표면이 말랐을때 충분히 관수함,053004,화분 흙 대부분 말랐을때 충분히 관수함,,083002,40 ~ 70%
210,홀리아페페로미아,"거실 내측 (실내깊이 300~500cm),거실 창측 (실내깊이 150~300cm),발코니 내측 (실내깊이 50~150cm)",082003,21~25℃,"중간 광도(800~1,500 Lux),높은 광도(1,500~10,000 Lux)",089002,경험자,,,,,,,,,,083002,40 ~ 70%
211,황금마삭줄,"거실 창측 (실내깊이 150~300cm),발코니 내측 (실내깊이 50~150cm),발코니 창측 (실내깊이 0~50cm)",082002,16~20℃,"중간 광도(800~1,500 Lux),높은 광도(1,500~10,000 Lux)",089001,초보자,053003,토양 표면이 말랐을때 충분히 관수함,053003,토양 표면이 말랐을때 충분히 관수함,053003,토양 표면이 말랐을때 충분히 관수함,053004,화분 흙 대부분 말랐을때 충분히 관수함,,083002,40 ~ 70%
212,황금죽,"거실 내측 (실내깊이 300~500cm),거실 창측 (실내깊이 150~300cm),발코니 내측 (실내깊이 50~150cm)",082002,16~20℃,"중간 광도(800~1,500 Lux),높은 광도(1,500~10,000 Lux)",089002,경험자,053003,토양 표면이 말랐을때 충분히 관수함,053003,토양 표면이 말랐을때 충분히 관수함,053003,토양 표면이 말랐을때 충분히 관수함,053003,토양 표면이 말랐을때 충분히 관수함,"포름알데히드, 벤젠, 톨루엔, 자일렌, 트리클로로 에틸렌",083002,40 ~ 70%
213,후피향나무,"발코니 내측 (실내깊이 50~150cm),발코니 창측 (실내깊이 0~50cm)",082002,16~20℃,"높은 광도(1,500~10,000 Lux)",089001,초보자,053003,토양 표면이 말랐을때 충분히 관수함,053003,토양 표면이 말랐을때 충분히 관수함,053003,토양 표면이 말랐을때 충분히 관수함,053004,화분 흙 대부분 말랐을때 충분히 관수함,,083002,40 ~ 70%
214,흰꽃나도사프란,"발코니 내측 (실내깊이 50~150cm),발코니 창측 (실내깊이 0~50cm)",082003,21~25℃,"높은 광도(1,500~10,000 Lux)",089001,초보자,053004,화분 흙 대부분 말랐을때 충분히 관수함,053003,토양 표면이 말랐을때 충분히 관수함,053003,토양 표면이 말랐을때 충분히 관수함,053004,화분 흙 대부분 말랐을때 충분히 관수함,,083002,40 ~ 70%
215,흰줄무늬달개비(트라데스칸티아),"거실 창측 (실내깊이 150~300cm),발코니 내측 (실내깊이 50~150cm),발코니 창측 (실내깊이 0~50cm)",082003,21~25℃,"중간 광도(800~1,500 Lux),높은 광도(1,500~10,000 Lux)",089001,초보자,053003,토양 표면이 말랐을때 충분히 관수함,053003,토양 표면이 말랐을때 충분히 관수함,053003,토양 표면이 말랐을때 충분히 관수함,053003,토양 표면이 말랐을때 충분히 관수함,,083002,40 ~ 70%
216,히포에스테스,"거실 창측 (실내깊이 150~300cm),발코니 내측 (실내깊이 50~150cm),발코니 창측 (실내깊이 0~50cm)",082003,21~25℃,"중간 광도(800~1,500 Lux),높은 광도(1,500~10,000 Lux)",089001,초보자,053002,흙을 촉촉하게 유지함(물에 잠기지 않도록 주의),053002,흙을 촉촉하게 유지함(물에 잠기지 않도록 주의),053002,흙을 촉촉하게 유지함(물에 잠기지 않도록 주의),053003,토양 표면이 말랐을때 충분히 관수함,,083002,40 ~ 70%
